INSERT INTO Movie (movie_id, movie_title, movie_year, movie_budget, movie_boxoffice, movie_runtime) VALUES ("tt0074260", "The Butterfly Ball", 1977, Null, Null, 85);
INSERT INTO Movie (movie_id, movie_title, movie_year, movie_budget, movie_boxoffice, movie_runtime) VALUES ("tt0038040", "A Royal Scandal", 1945, Null, Null, 94);
INSERT INTO Movie (movie_id, movie_title, movie_year, movie_budget, movie_boxoffice, movie_runtime) VALUES ("tt0048642", "Son of Sinbad", 1955, Null, Null, 91);
INSERT INTO Movie (movie_id, movie_title, movie_year, movie_budget, movie_boxoffice, movie_runtime) VALUES ("tt0032613", "Hudson's Bay", 1940, Null, Null, 95);
INSERT INTO Movie (movie_id, movie_title, movie_year, movie_budget, movie_boxoffice, movie_runtime) VALUES ("tt0073213", "Journey Into Fear", 1975, Null, Null, 100);
INSERT INTO Movie (movie_id, movie_title, movie_year, movie_budget, movie_boxoffice, movie_runtime) VALUES ("tt0055222", "Nefertite, regina del Nilo", 1961, Null, Null, Null);
INSERT INTO Movie (movie_id, movie_title, movie_year, movie_budget, movie_boxoffice, movie_runtime) VALUES ("tt0052626", "The Big Circus", 1959, 2000000, Null, 109);
INSERT INTO Movie (movie_id, movie_title, movie_year, movie_budget, movie_boxoffice, movie_runtime) VALUES ("tt0070791", "Theater of Blood", 1973, Null, Null, 104);
INSERT INTO Movie (movie_id, movie_title, movie_year, movie_budget, movie_boxoffice, movie_runtime) VALUES ("tt0065597", "Cry of the Banshee", 1970, 500000, Null, 91);
INSERT INTO Movie (movie_id, movie_title, movie_year, movie_budget, movie_boxoffice, movie_runtime) VALUES ("tt0055152", "Master of the World", 1961, 500000, Null, 102);
INSERT INTO Movie (movie_id, movie_title, movie_year, movie_budget, movie_boxoffice, movie_runtime) VALUES ("tt0055864", "Confessions of an Opium Eater", 1962, Null, Null, 85);
INSERT INTO Movie (movie_id, movie_title, movie_year, movie_budget, movie_boxoffice, movie_runtime) VALUES ("tt0040925", "Up in Central Park", 1948, Null, Null, 84);
INSERT INTO Movie (movie_id, movie_title, movie_year, movie_budget, movie_boxoffice, movie_runtime) VALUES ("tt0039581", "The Long Night", 1947, Null, Null, 101);
INSERT INTO Movie (movie_id, movie_title, movie_year, movie_budget, movie_boxoffice, movie_runtime) VALUES ("tt0032558", "Green Hell", 1940, Null, Null, 87);
INSERT INTO Movie (movie_id, movie_title, movie_year, movie_budget, movie_boxoffice, movie_runtime) VALUES ("tt0040744", "Rogues' Regiment", 1948, Null, Null, 86);
INSERT INTO Movie (movie_id, movie_title, movie_year, movie_budget, movie_boxoffice, movie_runtime) VALUES ("tt0085693", "House of the Long Shadows", 1983, 7500000, Null, 102);
INSERT INTO Movie (movie_id, movie_title, movie_year, movie_budget, movie_boxoffice, movie_runtime) VALUES ("tt0229371", "An Evening of Edgar Allan Poe", 1970, Null, Null, 53);
INSERT INTO Movie (movie_id, movie_title, movie_year, movie_budget, movie_boxoffice, movie_runtime) VALUES ("tt0041149", "Bagdad", 1949, Null, Null, 82);
INSERT INTO Movie (movie_id, movie_title, movie_year, movie_budget, movie_boxoffice, movie_runtime) VALUES ("tt0058700", "The Last Man on Earth", 1964, 300000, Null, 86);
INSERT INTO Movie (movie_id, movie_title, movie_year, movie_budget, movie_boxoffice, movie_runtime) VALUES ("tt0056943", "The Comedy of Terrors", 1963, Null, Null, 84);
INSERT INTO Movie (movie_id, movie_title, movie_year, movie_budget, movie_boxoffice, movie_runtime) VALUES ("tt0068503", "Dr. Phibes Rises Again", 1972, Null, Null, 89);
INSERT INTO Movie (movie_id, movie_title, movie_year, movie_budget, movie_boxoffice, movie_runtime) VALUES ("tt0037865", "Leave Her to Heaven", 1945, Null, Null, 110);
INSERT INTO Movie (movie_id, movie_title, movie_year, movie_budget, movie_boxoffice, movie_runtime) VALUES ("tt0066740", "The Abominable Dr. Phibes", 1971, Null, Null, 94);
INSERT INTO Movie (movie_id, movie_title, movie_year, movie_budget, movie_boxoffice, movie_runtime) VALUES ("tt0037089", "Moss Rose", 1947, Null, Null, 82);
INSERT INTO Movie (movie_id, movie_title, movie_year, movie_budget, movie_boxoffice, movie_runtime) VALUES ("tt0091671", "From a Whisper to a Scream", 1987, 1100000, 1355728, 99);
INSERT INTO Movie (movie_id, movie_title, movie_year, movie_budget, movie_boxoffice, movie_runtime) VALUES ("tt0057449", "The Raven", 1963, 200000, Null, 86);
INSERT INTO Movie (movie_id, movie_title, movie_year, movie_budget, movie_boxoffice, movie_runtime) VALUES ("tt0079858", "Scavenger Hunt", 1979, 7000000, Null, 116);
INSERT INTO Movie (movie_id, movie_title, movie_year, movie_budget, movie_boxoffice, movie_runtime) VALUES ("tt0049737", "Serenade", 1956, Null, Null, 121);
INSERT INTO Movie (movie_id, movie_title, movie_year, movie_budget, movie_boxoffice, movie_runtime) VALUES ("tt0041207", "The Bribe", 1949, 1984000, Null, 98);
INSERT INTO Movie (movie_id, movie_title, movie_year, movie_budget, movie_boxoffice, movie_runtime) VALUES ("tt0044825", "The Las Vegas Story", 1952, Null, Null, 88);
INSERT INTO Movie (movie_id, movie_title, movie_year, movie_budget, movie_boxoffice, movie_runtime) VALUES ("tt0056860", "Beach Party", 1963, 350000, Null, 101);
INSERT INTO Movie (movie_id, movie_title, movie_year, movie_budget, movie_boxoffice, movie_runtime) VALUES ("tt0056606", "Tower of London", 1962, 200000, Null, 79);
INSERT INTO Movie (movie_id, movie_title, movie_year, movie_budget, movie_boxoffice, movie_runtime) VALUES ("tt0056552", "Tales of Terror", 1962, Null, Null, 89);
INSERT INTO Movie (movie_id, movie_title, movie_year, movie_budget, movie_boxoffice, movie_runtime) VALUES ("tt0036377", "The Song of Bernadette", 1943, 2000000, Null, 156);
INSERT INTO Movie (movie_id, movie_title, movie_year, movie_budget, movie_boxoffice, movie_runtime) VALUES ("tt0039973", "The Web", 1947, Null, Null, 87);
INSERT INTO Movie (movie_id, movie_title, movie_year, movie_budget, movie_boxoffice, movie_runtime) VALUES ("tt0046891", "Dangerous Mission", 1954, Null, Null, 75);
INSERT INTO Movie (movie_id, movie_title, movie_year, movie_budget, movie_boxoffice, movie_runtime) VALUES ("tt0049833", "The Ten Commandments", 1956, 13282712, 65500000, 220);
INSERT INTO Movie (movie_id, movie_title, movie_year, movie_budget, movie_boxoffice, movie_runtime) VALUES ("tt0058333", "The Masque of the Red Death", 1964, Null, Null, 89);
INSERT INTO Movie (movie_id, movie_title, movie_year, movie_budget, movie_boxoffice, movie_runtime) VALUES ("tt0042325", "Champagne for Caesar", 1950, Null, Null, 99);
INSERT INTO Movie (movie_id, movie_title, movie_year, movie_budget, movie_boxoffice, movie_runtime) VALUES ("tt0053925", "House of Usher", 1960, 200000, Null, 79);
INSERT INTO Movie (movie_id, movie_title, movie_year, movie_budget, movie_boxoffice, movie_runtime) VALUES ("tt0059124", "Dr. Goldfoot and the Bikini Machine", 1965, 300000, Null, 88);
INSERT INTO Movie (movie_id, movie_title, movie_year, movie_budget, movie_boxoffice, movie_runtime) VALUES ("tt0099487", "Edward Scissorhands", 1990, 20000000, 86024005, 105);
INSERT INTO Movie (movie_id, movie_title, movie_year, movie_budget, movie_boxoffice, movie_runtime) VALUES ("tt0036983", "The Keys of the Kingdom", 1944, 3000000, Null, 137);
INSERT INTO Movie (movie_id, movie_title, movie_year, movie_budget, movie_boxoffice, movie_runtime) VALUES ("tt0045888", "House of Wax", 1953, 1000000, 23750000, 88);
INSERT INTO Movie (movie_id, movie_title, movie_year, movie_budget, movie_boxoffice, movie_runtime) VALUES ("tt0051016", "The Story of Mankind", 1957, Null, Null, 100);
INSERT INTO Movie (movie_id, movie_title, movie_year, movie_budget, movie_boxoffice, movie_runtime) VALUES ("tt0056993", "Diary of a Madman", 1963, 350000, Null, 96);
INSERT INTO Movie (movie_id, movie_title, movie_year, movie_budget, movie_boxoffice, movie_runtime) VALUES ("tt0030732", "Service de Luxe", 1938, Null, Null, 85);
INSERT INTO Movie (movie_id, movie_title, movie_year, movie_budget, movie_boxoffice, movie_runtime) VALUES ("tt0096875", "Catchfire", 1990, Null, Null, 116);
INSERT INTO Movie (movie_id, movie_title, movie_year, movie_budget, movie_boxoffice, movie_runtime) VALUES ("tt0032281", "Brigham Young", 1940, 2700000, Null, 114);
INSERT INTO Movie (movie_id, movie_title, movie_year, movie_budget, movie_boxoffice, movie_runtime) VALUES ("tt0032635", "The Invisible Man Returns", 1940, 281743, Null, 81);
INSERT INTO Movie (movie_id, movie_title, movie_year, movie_budget, movie_boxoffice, movie_runtime) VALUES ("tt0059821", "The Tomb of Ligeia", 1964, Null, Null, Null);
INSERT INTO Movie (movie_id, movie_title, movie_year, movie_budget, movie_boxoffice, movie_runtime) VALUES ("tt0094315", "The Whales of August", 1987, Null, 1338198, 90);
INSERT INTO Movie (movie_id, movie_title, movie_year, movie_budget, movie_boxoffice, movie_runtime) VALUES ("tt0055304", "Pit and the Pendulum", 1961, 200000, Null, 80);
INSERT INTO Movie (movie_id, movie_title, movie_year, movie_budget, movie_boxoffice, movie_runtime) VALUES ("tt0032049", "Tower of London", 1939, Null, Null, 92);
INSERT INTO Movie (movie_id, movie_title, movie_year, movie_budget, movie_boxoffice, movie_runtime) VALUES ("tt0036803", "The Eve of St. Mark", 1944, Null, Null, 96);
INSERT INTO Movie (movie_id, movie_title, movie_year, movie_budget, movie_boxoffice, movie_runtime) VALUES ("tt0037465", "Wilson", 1944, 4000000, Null, 154);
INSERT INTO Movie (movie_id, movie_title, movie_year, movie_budget, movie_boxoffice, movie_runtime) VALUES ("tt0061451", "House of 1,000 Dolls", 1967, Null, Null, 90);
INSERT INTO Movie (movie_id, movie_title, movie_year, movie_budget, movie_boxoffice, movie_runtime) VALUES ("tt0063285", "Witchfinder General", 1968, 175000, Null, 86);
INSERT INTO Movie (movie_id, movie_title, movie_year, movie_budget, movie_boxoffice, movie_runtime) VALUES ("tt0061014", "Dr. Goldfoot and the Girl Bombs", 1966, Null, Null, 82);
INSERT INTO Movie (movie_id, movie_title, movie_year, movie_budget, movie_boxoffice, movie_runtime) VALUES ("tt0040876", "The Three Musketeers", 1948, 4474000, Null, 125);
INSERT INTO Movie (movie_id, movie_title, movie_year, movie_budget, movie_boxoffice, movie_runtime) VALUES ("tt0038492", "Dragonwyck", 1946, 1900000, 5434, 103);
INSERT INTO Movie (movie_id, movie_title, movie_year, movie_budget, movie_boxoffice, movie_runtime) VALUES ("tt0065125", "The Trouble with Girls", 1969, Null, Null, 97);
INSERT INTO Movie (movie_id, movie_title, movie_year, movie_budget, movie_boxoffice, movie_runtime) VALUES ("tt0042229", "The Baron of Arizona", 1950, 135000, Null, 97);
INSERT INTO Movie (movie_id, movie_title, movie_year, movie_budget, movie_boxoffice, movie_runtime) VALUES ("tt0081178", "The Monster Club", 1981, Null, Null, Null);
INSERT INTO Movie (movie_id, movie_title, movie_year, movie_budget, movie_boxoffice, movie_runtime) VALUES ("tt0043643", "His Kind of Woman", 1951, 850000, Null, 120);
INSERT INTO Movie (movie_id, movie_title, movie_year, movie_budget, movie_boxoffice, movie_runtime) VALUES ("tt0057608", "Twice-Told Tales", 1963, Null, Null, 120);
INSERT INTO Movie (movie_id, movie_title, movie_year, movie_budget, movie_boxoffice, movie_runtime) VALUES ("tt0038937", "Shock", 1946, 375000, Null, 70);
INSERT INTO Movie (movie_id, movie_title, movie_year, movie_budget, movie_boxoffice, movie_runtime) VALUES ("tt0053363", "The Tingler", 1959, 250000, Null, 82);
INSERT INTO Movie (movie_id, movie_title, movie_year, movie_budget, movie_boxoffice, movie_runtime) VALUES ("tt0071677", "It's Not the Size That Counts", 1974, Null, Null, Null);
INSERT INTO Movie (movie_id, movie_title, movie_year, movie_budget, movie_boxoffice, movie_runtime) VALUES ("tt0043264", "Adventures of Captain Fabian", 1951, 350000, Null, 100);
INSERT INTO Movie (movie_id, movie_title, movie_year, movie_budget, movie_boxoffice, movie_runtime) VALUES ("tt0064747", "The Oblong Box", 1969, Null, Null, 96);
INSERT INTO Movie (movie_id, movie_title, movie_year, movie_budget, movie_boxoffice, movie_runtime) VALUES ("tt0061832", "The Jackals", 1967, Null, Null, 96);
INSERT INTO Movie (movie_id, movie_title, movie_year, movie_budget, movie_boxoffice, movie_runtime) VALUES ("tt0031826", "The Private Lives of Elizabeth and Essex", 1939, 1075000, Null, 106);
INSERT INTO Movie (movie_id, movie_title, movie_year, movie_budget, movie_boxoffice, movie_runtime) VALUES ("tt0071790", "Madhouse", 1974, Null, Null, 92);
INSERT INTO Movie (movie_id, movie_title, movie_year, movie_budget, movie_boxoffice, movie_runtime) VALUES ("tt0057128", "The Haunted Palace", 1963, Null, Null, 87);
INSERT INTO Movie (movie_id, movie_title, movie_year, movie_budget, movie_boxoffice, movie_runtime) VALUES ("tt0047200", "The Mad Magician", 1954, Null, Null, 72);
INSERT INTO Movie (movie_id, movie_title, movie_year, movie_budget, movie_boxoffice, movie_runtime) VALUES ("tt0055868", "Convicts 4", 1962, 1200000, Null, 105);
INSERT INTO Movie (movie_id, movie_title, movie_year, movie_budget, movie_boxoffice, movie_runtime) VALUES ("tt0052602", "The Bat", 1959, Null, Null, 80);
INSERT INTO Movie (movie_id, movie_title, movie_year, movie_budget, movie_boxoffice, movie_runtime) VALUES ("tt0051622", "The Fly", 1958, 700000, 1501, 94);
INSERT INTO Movie (movie_id, movie_title, movie_year, movie_budget, movie_boxoffice, movie_runtime) VALUES ("tt0037008", "Laura", 1944, 1020000, Null, 88);
INSERT INTO Movie (movie_id, movie_title, movie_year, movie_budget, movie_boxoffice, movie_runtime) VALUES ("tt0094961", "Dead Heat", 1988, 5000000, 3588626, 86);
INSERT INTO Movie (movie_id, movie_title, movie_year, movie_budget, movie_boxoffice, movie_runtime) VALUES ("tt0032610", "The House of the Seven Gables", 1940, 178000, Null, 89);
INSERT INTO Movie (movie_id, movie_title, movie_year, movie_budget, movie_boxoffice, movie_runtime) VALUES ("tt0051744", "House on Haunted Hill", 1959, 200000, Null, 75);
INSERT INTO Movie (movie_id, movie_title, movie_year, movie_budget, movie_boxoffice, movie_runtime) VALUES ("tt0054937", "Rage of the Buccaneers", 1961, Null, Null, 88);
INSERT INTO Movie (movie_id, movie_title, movie_year, movie_budget, movie_boxoffice, movie_runtime) VALUES ("tt0064695", "More Dead Than Alive", 1969, Null, Null, 101);
INSERT INTO Movie (movie_id, movie_title, movie_year, movie_budget, movie_boxoffice, movie_runtime) VALUES ("tt0049949", "While the City Sleeps", 1956, Null, 7652, 100);
INSERT INTO Movie (movie_id, movie_title, movie_year, movie_budget, movie_boxoffice, movie_runtime) VALUES ("tt0064949", "Scream and Scream Again", 1970, 350000, Null, 95);
INSERT INTO Movie (movie_id, movie_title, movie_year, movie_budget, movie_boxoffice, movie_runtime) VALUES ("tt0086981", "Bloodbath at the House of Death", 1984, Null, Null, 92);
INSERT INTO Movie (movie_id, movie_title, movie_year, movie_budget, movie_boxoffice, movie_runtime) VALUES ("tt0270206", "The Aries Computer", 1972, Null, Null, 90);
INSERT INTO Movie (movie_id, movie_title, movie_year, movie_budget, movie_boxoffice, movie_runtime) VALUES ("tt0053219", "Return of the Fly", 1959, 225000, Null, 80);
INSERT INTO Movie (movie_id, movie_title, movie_year, movie_budget, movie_boxoffice, movie_runtime) VALUES ("tt0059895", "City in the Sea", 1965, Null, Null, 84);
INSERT INTO Movie (movie_id, movie_title, movie_year, movie_budget, movie_boxoffice, movie_runtime) VALUES ("tt0041479", "Curtain Call at Cactus Creek", 1950, Null, Null, 86);

INSERT INTO Person (person_name, person_id) VALUES (0, "Tony Klinger");
INSERT INTO Person (person_name, person_id) VALUES (1, "Alan Aldridge");
INSERT INTO Person (person_name, person_id) VALUES (2, "Edwin Justus Mayer");
INSERT INTO Person (person_name, person_id) VALUES (3, "Bruno Frank");
INSERT INTO Person (person_name, person_id) VALUES (4, "Ernst Lubitsch");
INSERT INTO Person (person_name, person_id) VALUES (5, "Otto Preminger");
INSERT INTO Person (person_name, person_id) VALUES (6, "Aubrey Wisberg");
INSERT INTO Person (person_name, person_id) VALUES (7, "Jack Pollexfen");
INSERT INTO Person (person_name, person_id) VALUES (8, "Ted Tetzlaff");
INSERT INTO Person (person_name, person_id) VALUES (9, "Lamar Trotti");
INSERT INTO Person (person_name, person_id) VALUES (10, "Irving Pichel");
INSERT INTO Person (person_name, person_id) VALUES (11, "Trevor Wallace");
INSERT INTO Person (person_name, person_id) VALUES (12, "Eric Ambler");
INSERT INTO Person (person_name, person_id) VALUES (13, "Daniel Mann");
INSERT INTO Person (person_name, person_id) VALUES (14, "Fernando Cerchio");
INSERT INTO Person (person_name, person_id) VALUES (15, "John Byrne");
INSERT INTO Person (person_name, person_id) VALUES (16, "Irwin Allen");
INSERT INTO Person (person_name, person_id) VALUES (17, "Charles Bennett");
INSERT INTO Person (person_name, person_id) VALUES (18, "Joseph M. Newman");
INSERT INTO Person (person_name, person_id) VALUES (19, "Anthony Greville-Bell");
INSERT INTO Person (person_name, person_id) VALUES (20, "Stanley Mann");
INSERT INTO Person (person_name, person_id) VALUES (21, "Douglas Hickox");
INSERT INTO Person (person_name, person_id) VALUES (22, "Tim Kelly");
INSERT INTO Person (person_name, person_id) VALUES (23, "Gordon Hessler");
INSERT INTO Person (person_name, person_id) VALUES (24, "Jules Verne");
INSERT INTO Person (person_name, person_id) VALUES (25, "the Conqueror')");
INSERT INTO Person (person_name, person_id) VALUES (26, "Richard Matheson");
INSERT INTO Person (person_name, person_id) VALUES (27, "William Witney");
INSERT INTO Person (person_name, person_id) VALUES (28, "Robert Hill");
INSERT INTO Person (person_name, person_id) VALUES (29, "Thomas De Quincey");
INSERT INTO Person (person_name, person_id) VALUES (30, "Albert Zugsmith");
INSERT INTO Person (person_name, person_id) VALUES (31, "Dorothy Fields");
INSERT INTO Person (person_name, person_id) VALUES (32, "Herbert Fields");
INSERT INTO Person (person_name, person_id) VALUES (33, "William A. Seiter");
INSERT INTO Person (person_name, person_id) VALUES (34, "Jacques Viot");
INSERT INTO Person (person_name, person_id) VALUES (35, "John Wexley");
INSERT INTO Person (person_name, person_id) VALUES (36, "Anatole Litvak");
INSERT INTO Person (person_name, person_id) VALUES (37, "Frances Marion");
INSERT INTO Person (person_name, person_id) VALUES (38, "James Whale");
INSERT INTO Person (person_name, person_id) VALUES (39, "Robert Buckner");
INSERT INTO Person (person_name, person_id) VALUES (40, "Robert Florey");
INSERT INTO Person (person_name, person_id) VALUES (41, "Michael Armstrong");
INSERT INTO Person (person_name, person_id) VALUES (42, "Earl Derr Biggers");
INSERT INTO Person (person_name, person_id) VALUES (43, "Pete Walker");
INSERT INTO Person (person_name, person_id) VALUES (44, "Edgar Allan Poe");
INSERT INTO Person (person_name, person_id) VALUES (45, "David Welch");
INSERT INTO Person (person_name, person_id) VALUES (46, "Kenneth Johnson");
INSERT INTO Person (person_name, person_id) VALUES (47, "Tamara Hovey");
INSERT INTO Person (person_name, person_id) VALUES (48, "Robert Hardy Andrews");
INSERT INTO Person (person_name, person_id) VALUES (49, "Charles Lamont");
INSERT INTO Person (person_name, person_id) VALUES (50, "William F. Leicester");
INSERT INTO Person (person_name, person_id) VALUES (51, "Ubaldo Ragona");
INSERT INTO Person (person_name, person_id) VALUES (52, "Sidney Salkow");
INSERT INTO Person (person_name, person_id) VALUES (53, "Jacques Tourneur");
INSERT INTO Person (person_name, person_id) VALUES (54, "Robert Blees");
INSERT INTO Person (person_name, person_id) VALUES (55, "Robert Fuest");
INSERT INTO Person (person_name, person_id) VALUES (56, "Jo Swerling");
INSERT INTO Person (person_name, person_id) VALUES (57, "Ben Ames Williams");
INSERT INTO Person (person_name, person_id) VALUES (58, "John M. Stahl");
INSERT INTO Person (person_name, person_id) VALUES (59, "James Whiton");
INSERT INTO Person (person_name, person_id) VALUES (60, "William Goldstein");
INSERT INTO Person (person_name, person_id) VALUES (61, "Jules Furthman");
INSERT INTO Person (person_name, person_id) VALUES (62, "Niven Busch");
INSERT INTO Person (person_name, person_id) VALUES (63, "Gregory Ratoff");
INSERT INTO Person (person_name, person_id) VALUES (64, "Darin Scott");
INSERT INTO Person (person_name, person_id) VALUES (65, "C. Courtney Joyner");
INSERT INTO Person (person_name, person_id) VALUES (66, "Jeff Burr");
INSERT INTO Person (person_name, person_id) VALUES (67, "Roger Corman");
INSERT INTO Person (person_name, person_id) VALUES (68, "Steven Vail");
INSERT INTO Person (person_name, person_id) VALUES (69, "John Thomson");
INSERT INTO Person (person_name, person_id) VALUES (70, "Michael Schultz");
INSERT INTO Person (person_name, person_id) VALUES (71, "Ben Roberts");
INSERT INTO Person (person_name, person_id) VALUES (72, "Ivan Goff");
INSERT INTO Person (person_name, person_id) VALUES (73, "Anthony Mann");
INSERT INTO Person (person_name, person_id) VALUES (74, "Frederick Nebel");
INSERT INTO Person (person_name, person_id) VALUES (75, "Marguerite Roberts");
INSERT INTO Person (person_name, person_id) VALUES (76, "Robert Z. Leonard");
INSERT INTO Person (person_name, person_id) VALUES (77, "Vincente Minnelli");
INSERT INTO Person (person_name, person_id) VALUES (78, "Jay Dratler");
INSERT INTO Person (person_name, person_id) VALUES (79, "Earl Felton");
INSERT INTO Person (person_name, person_id) VALUES (80, "Robert Stevenson");
INSERT INTO Person (person_name, person_id) VALUES (81, "Lou Rusoff");
INSERT INTO Person (person_name, person_id) VALUES (82, "William Asher");
INSERT INTO Person (person_name, person_id) VALUES (83, "F. Amos Powell");
INSERT INTO Person (person_name, person_id) VALUES (84, "Leo Gordon");
INSERT INTO Person (person_name, person_id) VALUES (85, "Franz Werfel");
INSERT INTO Person (person_name, person_id) VALUES (86, "George Seaton");
INSERT INTO Person (person_name, person_id) VALUES (87, "Henry King");
INSERT INTO Person (person_name, person_id) VALUES (88, "Bertram Millhauser");
INSERT INTO Person (person_name, person_id) VALUES (89, "William Bowers");
INSERT INTO Person (person_name, person_id) VALUES (90, "Michael Gordon");
INSERT INTO Person (person_name, person_id) VALUES (91, "Horace McCoy");
INSERT INTO Person (person_name, person_id) VALUES (92, "W.R. Burnett");
INSERT INTO Person (person_name, person_id) VALUES (93, "Louis King");
INSERT INTO Person (person_name, person_id) VALUES (94, "Dorothy Clarke Wilson");
INSERT INTO Person (person_name, person_id) VALUES (95, "J.H. Ingraham");
INSERT INTO Person (person_name, person_id) VALUES (96, "Cecil B. DeMille");
INSERT INTO Person (person_name, person_id) VALUES (97, "R. Wright Campbell");
INSERT INTO Person (person_name, person_id) VALUES (98, "Charles Beaumont");
INSERT INTO Person (person_name, person_id) VALUES (99, "Hans Jacoby");
INSERT INTO Person (person_name, person_id) VALUES (100, "Frederick Brady");
INSERT INTO Person (person_name, person_id) VALUES (101, "Richard Whorf");
INSERT INTO Person (person_name, person_id) VALUES (102, "Elwood Ullman");
INSERT INTO Person (person_name, person_id) VALUES (103, "Robert Kaufman");
INSERT INTO Person (person_name, person_id) VALUES (104, "Ishirô Honda");
INSERT INTO Person (person_name, person_id) VALUES (105, "Norman Taurog");
INSERT INTO Person (person_name, person_id) VALUES (106, "Tim Burton");
INSERT INTO Person (person_name, person_id) VALUES (107, "Caroline Thompson");
INSERT INTO Person (person_name, person_id) VALUES (108, "Joseph L. Mankiewicz");
INSERT INTO Person (person_name, person_id) VALUES (109, "Nunnally Johnson");
INSERT INTO Person (person_name, person_id) VALUES (110, "Charles Belden");
INSERT INTO Person (person_name, person_id) VALUES (111, "Crane Wilbur");
INSERT INTO Person (person_name, person_id) VALUES (112, "André De Toth");
INSERT INTO Person (person_name, person_id) VALUES (113, "Guy de Maupassant");
INSERT INTO Person (person_name, person_id) VALUES (114, "Robert E. Kent");
INSERT INTO Person (person_name, person_id) VALUES (115, "Reginald Le Borg");
INSERT INTO Person (person_name, person_id) VALUES (116, "Vera Caspary");
INSERT INTO Person (person_name, person_id) VALUES (117, "Bruce Manning");
INSERT INTO Person (person_name, person_id) VALUES (118, "Rowland V. Lee");
INSERT INTO Person (person_name, person_id) VALUES (119, "Rachel Kronstadt Mann");
INSERT INTO Person (person_name, person_id) VALUES (120, "Dennis Hopper");
INSERT INTO Person (person_name, person_id) VALUES (121, "Louis Bromfield");
INSERT INTO Person (person_name, person_id) VALUES (122, "Henry Hathaway");
INSERT INTO Person (person_name, person_id) VALUES (123, "H.G. Wells");
INSERT INTO Person (person_name, person_id) VALUES (124, "Joe May");
INSERT INTO Person (person_name, person_id) VALUES (125, "Robert Towne");
INSERT INTO Person (person_name, person_id) VALUES (126, "David Berry");
INSERT INTO Person (person_name, person_id) VALUES (127, "Lindsay Anderson");
INSERT INTO Person (person_name, person_id) VALUES (128, "Robert N. Lee");
INSERT INTO Person (person_name, person_id) VALUES (129, "Maxwell Anderson");
INSERT INTO Person (person_name, person_id) VALUES (130, "María del Carmen Martínez Román");
INSERT INTO Person (person_name, person_id) VALUES (131, "Harry Alan Towers");
INSERT INTO Person (person_name, person_id) VALUES (132, "Hans Billian");
INSERT INTO Person (person_name, person_id) VALUES (133, "Jeremy Summers");
INSERT INTO Person (person_name, person_id) VALUES (134, "Tom Baker");
INSERT INTO Person (person_name, person_id) VALUES (135, "Michael Reeves");
INSERT INTO Person (person_name, person_id) VALUES (136, "Franco Castellano");
INSERT INTO Person (person_name, person_id) VALUES (137, "Giuseppe Moccia");
INSERT INTO Person (person_name, person_id) VALUES (138, "Mario Bava");
INSERT INTO Person (person_name, person_id) VALUES (139, "Robert Ardrey");
INSERT INTO Person (person_name, person_id) VALUES (140, "Alexandre Dumas");
INSERT INTO Person (person_name, person_id) VALUES (141, "George Sidney");
INSERT INTO Person (person_name, person_id) VALUES (142, "Anya Seton");
INSERT INTO Person (person_name, person_id) VALUES (143, "Arnold Peyser");
INSERT INTO Person (person_name, person_id) VALUES (144, "Lois Peyser");
INSERT INTO Person (person_name, person_id) VALUES (145, "Peter Tewksbury");
INSERT INTO Person (person_name, person_id) VALUES (146, "Samuel Fuller");
INSERT INTO Person (person_name, person_id) VALUES (147, "R. Chetwynd-Hayes");
INSERT INTO Person (person_name, person_id) VALUES (148, "Edward Abraham");
INSERT INTO Person (person_name, person_id) VALUES (149, "Roy Ward Baker");
INSERT INTO Person (person_name, person_id) VALUES (150, "Frank Fenton");
INSERT INTO Person (person_name, person_id) VALUES (151, "Jack Leonard");
INSERT INTO Person (person_name, person_id) VALUES (152, "John Farrow");
INSERT INTO Person (person_name, person_id) VALUES (153, "Richard Fleischer");
INSERT INTO Person (person_name, person_id) VALUES (154, "Nathaniel Hawthorne");
INSERT INTO Person (person_name, person_id) VALUES (155, "Eugene Ling");
INSERT INTO Person (person_name, person_id) VALUES (156, "Albert DeMond");
INSERT INTO Person (person_name, person_id) VALUES (157, "Alfred L. Werker");
INSERT INTO Person (person_name, person_id) VALUES (158, "Robb White");
INSERT INTO Person (person_name, person_id) VALUES (159, "William Castle");
INSERT INTO Person (person_name, person_id) VALUES (160, "Sid Colin");
INSERT INTO Person (person_name, person_id) VALUES (161, "Raymond Hitchcock");
INSERT INTO Person (person_name, person_id) VALUES (162, "Ralph Thomas");
INSERT INTO Person (person_name, person_id) VALUES (163, "Errol Flynn");
INSERT INTO Person (person_name, person_id) VALUES (164, "William Marshall");
INSERT INTO Person (person_name, person_id) VALUES (165, "Lawrence Huntington");
INSERT INTO Person (person_name, person_id) VALUES (166, "Harold Medford");
INSERT INTO Person (person_name, person_id) VALUES (167, "Robert D. Webb");
INSERT INTO Person (person_name, person_id) VALUES (168, "Norman Reilly Raine");
INSERT INTO Person (person_name, person_id) VALUES (169, "Æneas MacKenzie");
INSERT INTO Person (person_name, person_id) VALUES (170, "Michael Curtiz");
INSERT INTO Person (person_name, person_id) VALUES (171, "Ken Levison");
INSERT INTO Person (person_name, person_id) VALUES (172, "Angus Hall");
INSERT INTO Person (person_name, person_id) VALUES (173, "Jim Clark");
INSERT INTO Person (person_name, person_id) VALUES (174, "John Brahm");
INSERT INTO Person (person_name, person_id) VALUES (175, "John Resko");
INSERT INTO Person (person_name, person_id) VALUES (176, "Millard Kaufman");
INSERT INTO Person (person_name, person_id) VALUES (177, "George Langelaan");
INSERT INTO Person (person_name, person_id) VALUES (178, "James Clavell");
INSERT INTO Person (person_name, person_id) VALUES (179, "Kurt Neumann");
INSERT INTO Person (person_name, person_id) VALUES (180, "Terry Black");
INSERT INTO Person (person_name, person_id) VALUES (181, "Mark Goldblatt");
INSERT INTO Person (person_name, person_id) VALUES (182, "Harold Greene");
INSERT INTO Person (person_name, person_id) VALUES (183, "Lester Cole");
INSERT INTO Person (person_name, person_id) VALUES (184, "Ottavio Poggi");
INSERT INTO Person (person_name, person_id) VALUES (185, "Mario Costa");
INSERT INTO Person (person_name, person_id) VALUES (186, "George Schenck");
INSERT INTO Person (person_name, person_id) VALUES (187, "Robert Sparr");
INSERT INTO Person (person_name, person_id) VALUES (188, "Charles Einstein");
INSERT INTO Person (person_name, person_id) VALUES (189, "Casey Robinson");
INSERT INTO Person (person_name, person_id) VALUES (190, "Fritz Lang");
INSERT INTO Person (person_name, person_id) VALUES (191, "Peter Saxon");
INSERT INTO Person (person_name, person_id) VALUES (192, "Christopher Wicking");
INSERT INTO Person (person_name, person_id) VALUES (193, "Ray Cameron");
INSERT INTO Person (person_name, person_id) VALUES (194, "Barry Cryer");
INSERT INTO Person (person_name, person_id) VALUES (195, "Vincent Price");
INSERT INTO Person (person_name, person_id) VALUES (196, "Stephanie Beacham");
INSERT INTO Person (person_name, person_id) VALUES (197, "Andrew Keir");
INSERT INTO Person (person_name, person_id) VALUES (198, "Edward Bernds");
INSERT INTO Person (person_name, person_id) VALUES (199, "Louis M. Heyward");
INSERT INTO Person (person_name, person_id) VALUES (200, "Howard Dimsdale");

INSERT INTO RoleCode (role_name, role_code) VALUES ("Director", 0);
INSERT INTO RoleCode (role_name, role_code) VALUES ("Writer", 1);
INSERT INTO RoleCode (role_name, role_code) VALUES ("Actor", 2);

INSERT INTO Role (movie_id, role_code, person_id) VALUES ("tt0074260", 0, 0);
INSERT INTO Role (movie_id, role_code, person_id) VALUES ("tt0074260", 0, 1);
INSERT INTO Role (movie_id, role_code, person_id) VALUES ("tt0074260", 2, 0);
INSERT INTO Role (movie_id, role_code, person_id) VALUES ("tt0038040", 0, 2);
INSERT INTO Role (movie_id, role_code, person_id) VALUES ("tt0038040", 0, 3);
INSERT INTO Role (movie_id, role_code, person_id) VALUES ("tt0038040", 2, 4);
INSERT INTO Role (movie_id, role_code, person_id) VALUES ("tt0038040", 2, 5);
INSERT INTO Role (movie_id, role_code, person_id) VALUES ("tt0048642", 0, 6);
INSERT INTO Role (movie_id, role_code, person_id) VALUES ("tt0048642", 0, 7);
INSERT INTO Role (movie_id, role_code, person_id) VALUES ("tt0048642", 2, 8);
INSERT INTO Role (movie_id, role_code, person_id) VALUES ("tt0032613", 0, 9);
INSERT INTO Role (movie_id, role_code, person_id) VALUES ("tt0032613", 2, 10);
INSERT INTO Role (movie_id, role_code, person_id) VALUES ("tt0073213", 0, 11);
INSERT INTO Role (movie_id, role_code, person_id) VALUES ("tt0073213", 0, 12);
INSERT INTO Role (movie_id, role_code, person_id) VALUES ("tt0073213", 2, 13);
INSERT INTO Role (movie_id, role_code, person_id) VALUES ("tt0055222", 0, 14);
INSERT INTO Role (movie_id, role_code, person_id) VALUES ("tt0055222", 0, 15);
INSERT INTO Role (movie_id, role_code, person_id) VALUES ("tt0055222", 2, 14);
INSERT INTO Role (movie_id, role_code, person_id) VALUES ("tt0052626", 0, 16);
INSERT INTO Role (movie_id, role_code, person_id) VALUES ("tt0052626", 0, 17);
INSERT INTO Role (movie_id, role_code, person_id) VALUES ("tt0052626", 2, 18);
INSERT INTO Role (movie_id, role_code, person_id) VALUES ("tt0070791", 0, 19);
INSERT INTO Role (movie_id, role_code, person_id) VALUES ("tt0070791", 0, 20);
INSERT INTO Role (movie_id, role_code, person_id) VALUES ("tt0070791", 2, 21);
INSERT INTO Role (movie_id, role_code, person_id) VALUES ("tt0065597", 0, 22);
INSERT INTO Role (movie_id, role_code, person_id) VALUES ("tt0065597", 2, 23);
INSERT INTO Role (movie_id, role_code, person_id) VALUES ("tt0055152", 0, 24);
INSERT INTO Role (movie_id, role_code, person_id) VALUES ("tt0055152", 0, 25);
INSERT INTO Role (movie_id, role_code, person_id) VALUES ("tt0055152", 0, 26);
INSERT INTO Role (movie_id, role_code, person_id) VALUES ("tt0055152", 2, 27);
INSERT INTO Role (movie_id, role_code, person_id) VALUES ("tt0055864", 0, 28);
INSERT INTO Role (movie_id, role_code, person_id) VALUES ("tt0055864", 0, 29);
INSERT INTO Role (movie_id, role_code, person_id) VALUES ("tt0055864", 2, 30);
INSERT INTO Role (movie_id, role_code, person_id) VALUES ("tt0040925", 0, 31);
INSERT INTO Role (movie_id, role_code, person_id) VALUES ("tt0040925", 0, 32);
INSERT INTO Role (movie_id, role_code, person_id) VALUES ("tt0040925", 2, 33);
INSERT INTO Role (movie_id, role_code, person_id) VALUES ("tt0039581", 0, 34);
INSERT INTO Role (movie_id, role_code, person_id) VALUES ("tt0039581", 0, 35);
INSERT INTO Role (movie_id, role_code, person_id) VALUES ("tt0039581", 2, 36);
INSERT INTO Role (movie_id, role_code, person_id) VALUES ("tt0032558", 0, 37);
INSERT INTO Role (movie_id, role_code, person_id) VALUES ("tt0032558", 2, 38);
INSERT INTO Role (movie_id, role_code, person_id) VALUES ("tt0040744", 0, 39);
INSERT INTO Role (movie_id, role_code, person_id) VALUES ("tt0040744", 0, 40);
INSERT INTO Role (movie_id, role_code, person_id) VALUES ("tt0040744", 2, 40);
INSERT INTO Role (movie_id, role_code, person_id) VALUES ("tt0085693", 0, 41);
INSERT INTO Role (movie_id, role_code, person_id) VALUES ("tt0085693", 0, 42);
INSERT INTO Role (movie_id, role_code, person_id) VALUES ("tt0085693", 2, 43);
INSERT INTO Role (movie_id, role_code, person_id) VALUES ("tt0229371", 0, 44);
INSERT INTO Role (movie_id, role_code, person_id) VALUES ("tt0229371", 0, 45);
INSERT INTO Role (movie_id, role_code, person_id) VALUES ("tt0229371", 2, 46);
INSERT INTO Role (movie_id, role_code, person_id) VALUES ("tt0041149", 0, 47);
INSERT INTO Role (movie_id, role_code, person_id) VALUES ("tt0041149", 0, 48);
INSERT INTO Role (movie_id, role_code, person_id) VALUES ("tt0041149", 2, 49);
INSERT INTO Role (movie_id, role_code, person_id) VALUES ("tt0058700", 0, 50);
INSERT INTO Role (movie_id, role_code, person_id) VALUES ("tt0058700", 0, 26);
INSERT INTO Role (movie_id, role_code, person_id) VALUES ("tt0058700", 2, 51);
INSERT INTO Role (movie_id, role_code, person_id) VALUES ("tt0058700", 2, 52);
INSERT INTO Role (movie_id, role_code, person_id) VALUES ("tt0056943", 0, 26);
INSERT INTO Role (movie_id, role_code, person_id) VALUES ("tt0056943", 2, 53);
INSERT INTO Role (movie_id, role_code, person_id) VALUES ("tt0068503", 0, 54);
INSERT INTO Role (movie_id, role_code, person_id) VALUES ("tt0068503", 0, 55);
INSERT INTO Role (movie_id, role_code, person_id) VALUES ("tt0068503", 2, 55);
INSERT INTO Role (movie_id, role_code, person_id) VALUES ("tt0037865", 0, 56);
INSERT INTO Role (movie_id, role_code, person_id) VALUES ("tt0037865", 0, 57);
INSERT INTO Role (movie_id, role_code, person_id) VALUES ("tt0037865", 2, 58);
INSERT INTO Role (movie_id, role_code, person_id) VALUES ("tt0066740", 0, 59);
INSERT INTO Role (movie_id, role_code, person_id) VALUES ("tt0066740", 0, 60);
INSERT INTO Role (movie_id, role_code, person_id) VALUES ("tt0066740", 2, 55);
INSERT INTO Role (movie_id, role_code, person_id) VALUES ("tt0037089", 0, 61);
INSERT INTO Role (movie_id, role_code, person_id) VALUES ("tt0037089", 0, 62);
INSERT INTO Role (movie_id, role_code, person_id) VALUES ("tt0037089", 2, 63);
INSERT INTO Role (movie_id, role_code, person_id) VALUES ("tt0091671", 0, 64);
INSERT INTO Role (movie_id, role_code, person_id) VALUES ("tt0091671", 0, 65);
INSERT INTO Role (movie_id, role_code, person_id) VALUES ("tt0091671", 2, 66);
INSERT INTO Role (movie_id, role_code, person_id) VALUES ("tt0057449", 0, 44);
INSERT INTO Role (movie_id, role_code, person_id) VALUES ("tt0057449", 0, 26);
INSERT INTO Role (movie_id, role_code, person_id) VALUES ("tt0057449", 2, 67);
INSERT INTO Role (movie_id, role_code, person_id) VALUES ("tt0079858", 0, 68);
INSERT INTO Role (movie_id, role_code, person_id) VALUES ("tt0079858", 0, 69);
INSERT INTO Role (movie_id, role_code, person_id) VALUES ("tt0079858", 2, 70);
INSERT INTO Role (movie_id, role_code, person_id) VALUES ("tt0049737", 0, 71);
INSERT INTO Role (movie_id, role_code, person_id) VALUES ("tt0049737", 0, 72);
INSERT INTO Role (movie_id, role_code, person_id) VALUES ("tt0049737", 2, 73);
INSERT INTO Role (movie_id, role_code, person_id) VALUES ("tt0041207", 0, 74);
INSERT INTO Role (movie_id, role_code, person_id) VALUES ("tt0041207", 0, 75);
INSERT INTO Role (movie_id, role_code, person_id) VALUES ("tt0041207", 2, 76);
INSERT INTO Role (movie_id, role_code, person_id) VALUES ("tt0041207", 2, 77);
INSERT INTO Role (movie_id, role_code, person_id) VALUES ("tt0044825", 0, 78);
INSERT INTO Role (movie_id, role_code, person_id) VALUES ("tt0044825", 0, 79);
INSERT INTO Role (movie_id, role_code, person_id) VALUES ("tt0044825", 2, 80);
INSERT INTO Role (movie_id, role_code, person_id) VALUES ("tt0056860", 0, 81);
INSERT INTO Role (movie_id, role_code, person_id) VALUES ("tt0056860", 2, 82);
INSERT INTO Role (movie_id, role_code, person_id) VALUES ("tt0056606", 0, 83);
INSERT INTO Role (movie_id, role_code, person_id) VALUES ("tt0056606", 0, 84);
INSERT INTO Role (movie_id, role_code, person_id) VALUES ("tt0056606", 2, 67);
INSERT INTO Role (movie_id, role_code, person_id) VALUES ("tt0056552", 0, 44);
INSERT INTO Role (movie_id, role_code, person_id) VALUES ("tt0056552", 0, 26);
INSERT INTO Role (movie_id, role_code, person_id) VALUES ("tt0056552", 2, 67);
INSERT INTO Role (movie_id, role_code, person_id) VALUES ("tt0036377", 0, 85);
INSERT INTO Role (movie_id, role_code, person_id) VALUES ("tt0036377", 0, 86);
INSERT INTO Role (movie_id, role_code, person_id) VALUES ("tt0036377", 2, 87);
INSERT INTO Role (movie_id, role_code, person_id) VALUES ("tt0039973", 0, 88);
INSERT INTO Role (movie_id, role_code, person_id) VALUES ("tt0039973", 0, 89);
INSERT INTO Role (movie_id, role_code, person_id) VALUES ("tt0039973", 2, 90);
INSERT INTO Role (movie_id, role_code, person_id) VALUES ("tt0046891", 0, 91);
INSERT INTO Role (movie_id, role_code, person_id) VALUES ("tt0046891", 0, 92);
INSERT INTO Role (movie_id, role_code, person_id) VALUES ("tt0046891", 2, 93);
INSERT INTO Role (movie_id, role_code, person_id) VALUES ("tt0049833", 0, 94);
INSERT INTO Role (movie_id, role_code, person_id) VALUES ("tt0049833", 0, 95);
INSERT INTO Role (movie_id, role_code, person_id) VALUES ("tt0049833", 2, 96);
INSERT INTO Role (movie_id, role_code, person_id) VALUES ("tt0058333", 0, 97);
INSERT INTO Role (movie_id, role_code, person_id) VALUES ("tt0058333", 0, 98);
INSERT INTO Role (movie_id, role_code, person_id) VALUES ("tt0058333", 2, 67);
INSERT INTO Role (movie_id, role_code, person_id) VALUES ("tt0042325", 0, 99);
INSERT INTO Role (movie_id, role_code, person_id) VALUES ("tt0042325", 0, 100);
INSERT INTO Role (movie_id, role_code, person_id) VALUES ("tt0042325", 2, 101);
INSERT INTO Role (movie_id, role_code, person_id) VALUES ("tt0053925", 0, 44);
INSERT INTO Role (movie_id, role_code, person_id) VALUES ("tt0053925", 0, 26);
INSERT INTO Role (movie_id, role_code, person_id) VALUES ("tt0053925", 2, 67);
INSERT INTO Role (movie_id, role_code, person_id) VALUES ("tt0059124", 0, 102);
INSERT INTO Role (movie_id, role_code, person_id) VALUES ("tt0059124", 0, 103);
INSERT INTO Role (movie_id, role_code, person_id) VALUES ("tt0059124", 2, 104);
INSERT INTO Role (movie_id, role_code, person_id) VALUES ("tt0059124", 2, 105);
INSERT INTO Role (movie_id, role_code, person_id) VALUES ("tt0099487", 0, 106);
INSERT INTO Role (movie_id, role_code, person_id) VALUES ("tt0099487", 0, 107);
INSERT INTO Role (movie_id, role_code, person_id) VALUES ("tt0099487", 2, 106);
INSERT INTO Role (movie_id, role_code, person_id) VALUES ("tt0036983", 0, 108);
INSERT INTO Role (movie_id, role_code, person_id) VALUES ("tt0036983", 0, 109);
INSERT INTO Role (movie_id, role_code, person_id) VALUES ("tt0036983", 2, 58);
INSERT INTO Role (movie_id, role_code, person_id) VALUES ("tt0045888", 0, 110);
INSERT INTO Role (movie_id, role_code, person_id) VALUES ("tt0045888", 0, 111);
INSERT INTO Role (movie_id, role_code, person_id) VALUES ("tt0045888", 2, 112);
INSERT INTO Role (movie_id, role_code, person_id) VALUES ("tt0051016", 0, 16);
INSERT INTO Role (movie_id, role_code, person_id) VALUES ("tt0051016", 0, 17);
INSERT INTO Role (movie_id, role_code, person_id) VALUES ("tt0051016", 2, 16);
INSERT INTO Role (movie_id, role_code, person_id) VALUES ("tt0056993", 0, 113);
INSERT INTO Role (movie_id, role_code, person_id) VALUES ("tt0056993", 0, 114);
INSERT INTO Role (movie_id, role_code, person_id) VALUES ("tt0056993", 2, 115);
INSERT INTO Role (movie_id, role_code, person_id) VALUES ("tt0030732", 0, 116);
INSERT INTO Role (movie_id, role_code, person_id) VALUES ("tt0030732", 0, 117);
INSERT INTO Role (movie_id, role_code, person_id) VALUES ("tt0030732", 2, 118);
INSERT INTO Role (movie_id, role_code, person_id) VALUES ("tt0096875", 0, 119);
INSERT INTO Role (movie_id, role_code, person_id) VALUES ("tt0096875", 2, 120);
INSERT INTO Role (movie_id, role_code, person_id) VALUES ("tt0032281", 0, 121);
INSERT INTO Role (movie_id, role_code, person_id) VALUES ("tt0032281", 0, 9);
INSERT INTO Role (movie_id, role_code, person_id) VALUES ("tt0032281", 2, 122);
INSERT INTO Role (movie_id, role_code, person_id) VALUES ("tt0032635", 0, 123);
INSERT INTO Role (movie_id, role_code, person_id) VALUES ("tt0032635", 0, 124);
INSERT INTO Role (movie_id, role_code, person_id) VALUES ("tt0032635", 2, 124);
INSERT INTO Role (movie_id, role_code, person_id) VALUES ("tt0059821", 0, 125);
INSERT INTO Role (movie_id, role_code, person_id) VALUES ("tt0059821", 0, 44);
INSERT INTO Role (movie_id, role_code, person_id) VALUES ("tt0059821", 2, 67);
INSERT INTO Role (movie_id, role_code, person_id) VALUES ("tt0094315", 0, 126);
INSERT INTO Role (movie_id, role_code, person_id) VALUES ("tt0094315", 2, 127);
INSERT INTO Role (movie_id, role_code, person_id) VALUES ("tt0055304", 0, 44);
INSERT INTO Role (movie_id, role_code, person_id) VALUES ("tt0055304", 0, 26);
INSERT INTO Role (movie_id, role_code, person_id) VALUES ("tt0055304", 2, 67);
INSERT INTO Role (movie_id, role_code, person_id) VALUES ("tt0032049", 0, 128);
INSERT INTO Role (movie_id, role_code, person_id) VALUES ("tt0032049", 2, 118);
INSERT INTO Role (movie_id, role_code, person_id) VALUES ("tt0036803", 0, 129);
INSERT INTO Role (movie_id, role_code, person_id) VALUES ("tt0036803", 0, 86);
INSERT INTO Role (movie_id, role_code, person_id) VALUES ("tt0036803", 2, 58);
INSERT INTO Role (movie_id, role_code, person_id) VALUES ("tt0037465", 0, 9);
INSERT INTO Role (movie_id, role_code, person_id) VALUES ("tt0037465", 2, 87);
INSERT INTO Role (movie_id, role_code, person_id) VALUES ("tt0061451", 0, 130);
INSERT INTO Role (movie_id, role_code, person_id) VALUES ("tt0061451", 0, 131);
INSERT INTO Role (movie_id, role_code, person_id) VALUES ("tt0061451", 2, 132);
INSERT INTO Role (movie_id, role_code, person_id) VALUES ("tt0061451", 2, 133);
INSERT INTO Role (movie_id, role_code, person_id) VALUES ("tt0063285", 0, 134);
INSERT INTO Role (movie_id, role_code, person_id) VALUES ("tt0063285", 0, 135);
INSERT INTO Role (movie_id, role_code, person_id) VALUES ("tt0063285", 2, 135);
INSERT INTO Role (movie_id, role_code, person_id) VALUES ("tt0061014", 0, 136);
INSERT INTO Role (movie_id, role_code, person_id) VALUES ("tt0061014", 0, 137);
INSERT INTO Role (movie_id, role_code, person_id) VALUES ("tt0061014", 2, 138);
INSERT INTO Role (movie_id, role_code, person_id) VALUES ("tt0040876", 0, 139);
INSERT INTO Role (movie_id, role_code, person_id) VALUES ("tt0040876", 0, 140);
INSERT INTO Role (movie_id, role_code, person_id) VALUES ("tt0040876", 2, 141);
INSERT INTO Role (movie_id, role_code, person_id) VALUES ("tt0038492", 0, 108);
INSERT INTO Role (movie_id, role_code, person_id) VALUES ("tt0038492", 0, 142);
INSERT INTO Role (movie_id, role_code, person_id) VALUES ("tt0038492", 2, 108);
INSERT INTO Role (movie_id, role_code, person_id) VALUES ("tt0065125", 0, 143);
INSERT INTO Role (movie_id, role_code, person_id) VALUES ("tt0065125", 0, 144);
INSERT INTO Role (movie_id, role_code, person_id) VALUES ("tt0065125", 2, 145);
INSERT INTO Role (movie_id, role_code, person_id) VALUES ("tt0042229", 0, 146);
INSERT INTO Role (movie_id, role_code, person_id) VALUES ("tt0042229", 2, 146);
INSERT INTO Role (movie_id, role_code, person_id) VALUES ("tt0081178", 0, 147);
INSERT INTO Role (movie_id, role_code, person_id) VALUES ("tt0081178", 0, 148);
INSERT INTO Role (movie_id, role_code, person_id) VALUES ("tt0081178", 2, 149);
INSERT INTO Role (movie_id, role_code, person_id) VALUES ("tt0043643", 0, 150);
INSERT INTO Role (movie_id, role_code, person_id) VALUES ("tt0043643", 0, 151);
INSERT INTO Role (movie_id, role_code, person_id) VALUES ("tt0043643", 2, 152);
INSERT INTO Role (movie_id, role_code, person_id) VALUES ("tt0043643", 2, 153);
INSERT INTO Role (movie_id, role_code, person_id) VALUES ("tt0057608", 0, 154);
INSERT INTO Role (movie_id, role_code, person_id) VALUES ("tt0057608", 0, 114);
INSERT INTO Role (movie_id, role_code, person_id) VALUES ("tt0057608", 2, 52);
INSERT INTO Role (movie_id, role_code, person_id) VALUES ("tt0038937", 0, 155);
INSERT INTO Role (movie_id, role_code, person_id) VALUES ("tt0038937", 0, 156);
INSERT INTO Role (movie_id, role_code, person_id) VALUES ("tt0038937", 2, 157);
INSERT INTO Role (movie_id, role_code, person_id) VALUES ("tt0053363", 0, 158);
INSERT INTO Role (movie_id, role_code, person_id) VALUES ("tt0053363", 2, 159);
INSERT INTO Role (movie_id, role_code, person_id) VALUES ("tt0071677", 0, 160);
INSERT INTO Role (movie_id, role_code, person_id) VALUES ("tt0071677", 0, 161);
INSERT INTO Role (movie_id, role_code, person_id) VALUES ("tt0071677", 2, 162);
INSERT INTO Role (movie_id, role_code, person_id) VALUES ("tt0043264", 0, 163);
INSERT INTO Role (movie_id, role_code, person_id) VALUES ("tt0043264", 2, 164);
INSERT INTO Role (movie_id, role_code, person_id) VALUES ("tt0043264", 2, 40);
INSERT INTO Role (movie_id, role_code, person_id) VALUES ("tt0064747", 0, 165);
INSERT INTO Role (movie_id, role_code, person_id) VALUES ("tt0064747", 0, 44);
INSERT INTO Role (movie_id, role_code, person_id) VALUES ("tt0064747", 2, 23);
INSERT INTO Role (movie_id, role_code, person_id) VALUES ("tt0061832", 0, 166);
INSERT INTO Role (movie_id, role_code, person_id) VALUES ("tt0061832", 0, 92);
INSERT INTO Role (movie_id, role_code, person_id) VALUES ("tt0061832", 2, 167);
INSERT INTO Role (movie_id, role_code, person_id) VALUES ("tt0031826", 0, 168);
INSERT INTO Role (movie_id, role_code, person_id) VALUES ("tt0031826", 0, 169);
INSERT INTO Role (movie_id, role_code, person_id) VALUES ("tt0031826", 2, 170);
INSERT INTO Role (movie_id, role_code, person_id) VALUES ("tt0071790", 0, 171);
INSERT INTO Role (movie_id, role_code, person_id) VALUES ("tt0071790", 0, 172);
INSERT INTO Role (movie_id, role_code, person_id) VALUES ("tt0071790", 2, 173);
INSERT INTO Role (movie_id, role_code, person_id) VALUES ("tt0057128", 0, 98);
INSERT INTO Role (movie_id, role_code, person_id) VALUES ("tt0057128", 0, 44);
INSERT INTO Role (movie_id, role_code, person_id) VALUES ("tt0057128", 2, 67);
INSERT INTO Role (movie_id, role_code, person_id) VALUES ("tt0047200", 0, 111);
INSERT INTO Role (movie_id, role_code, person_id) VALUES ("tt0047200", 2, 174);
INSERT INTO Role (movie_id, role_code, person_id) VALUES ("tt0055868", 0, 175);
INSERT INTO Role (movie_id, role_code, person_id) VALUES ("tt0055868", 0, 176);
INSERT INTO Role (movie_id, role_code, person_id) VALUES ("tt0055868", 2, 176);
INSERT INTO Role (movie_id, role_code, person_id) VALUES ("tt0052602", 0, 111);
INSERT INTO Role (movie_id, role_code, person_id) VALUES ("tt0052602", 2, 111);
INSERT INTO Role (movie_id, role_code, person_id) VALUES ("tt0051622", 0, 177);
INSERT INTO Role (movie_id, role_code, person_id) VALUES ("tt0051622", 0, 178);
INSERT INTO Role (movie_id, role_code, person_id) VALUES ("tt0051622", 2, 179);
INSERT INTO Role (movie_id, role_code, person_id) VALUES ("tt0037008", 0, 116);
INSERT INTO Role (movie_id, role_code, person_id) VALUES ("tt0037008", 0, 78);
INSERT INTO Role (movie_id, role_code, person_id) VALUES ("tt0037008", 2, 5);
INSERT INTO Role (movie_id, role_code, person_id) VALUES ("tt0094961", 0, 180);
INSERT INTO Role (movie_id, role_code, person_id) VALUES ("tt0094961", 2, 181);
INSERT INTO Role (movie_id, role_code, person_id) VALUES ("tt0032610", 0, 182);
INSERT INTO Role (movie_id, role_code, person_id) VALUES ("tt0032610", 0, 183);
INSERT INTO Role (movie_id, role_code, person_id) VALUES ("tt0032610", 2, 124);
INSERT INTO Role (movie_id, role_code, person_id) VALUES ("tt0051744", 0, 158);
INSERT INTO Role (movie_id, role_code, person_id) VALUES ("tt0051744", 2, 159);
INSERT INTO Role (movie_id, role_code, person_id) VALUES ("tt0054937", 0, 15);
INSERT INTO Role (movie_id, role_code, person_id) VALUES ("tt0054937", 0, 184);
INSERT INTO Role (movie_id, role_code, person_id) VALUES ("tt0054937", 2, 185);
INSERT INTO Role (movie_id, role_code, person_id) VALUES ("tt0064695", 0, 186);
INSERT INTO Role (movie_id, role_code, person_id) VALUES ("tt0064695", 2, 187);
INSERT INTO Role (movie_id, role_code, person_id) VALUES ("tt0049949", 0, 188);
INSERT INTO Role (movie_id, role_code, person_id) VALUES ("tt0049949", 0, 189);
INSERT INTO Role (movie_id, role_code, person_id) VALUES ("tt0049949", 2, 190);
INSERT INTO Role (movie_id, role_code, person_id) VALUES ("tt0064949", 0, 191);
INSERT INTO Role (movie_id, role_code, person_id) VALUES ("tt0064949", 0, 192);
INSERT INTO Role (movie_id, role_code, person_id) VALUES ("tt0064949", 2, 23);
INSERT INTO Role (movie_id, role_code, person_id) VALUES ("tt0086981", 0, 193);
INSERT INTO Role (movie_id, role_code, person_id) VALUES ("tt0086981", 0, 194);
INSERT INTO Role (movie_id, role_code, person_id) VALUES ("tt0086981", 2, 193);
INSERT INTO Role (movie_id, role_code, person_id) VALUES ("tt0270206", 2, 195);
INSERT INTO Role (movie_id, role_code, person_id) VALUES ("tt0270206", 2, 196);
INSERT INTO Role (movie_id, role_code, person_id) VALUES ("tt0270206", 2, 197);
INSERT INTO Role (movie_id, role_code, person_id) VALUES ("tt0053219", 0, 177);
INSERT INTO Role (movie_id, role_code, person_id) VALUES ("tt0053219", 0, 198);
INSERT INTO Role (movie_id, role_code, person_id) VALUES ("tt0053219", 2, 198);
INSERT INTO Role (movie_id, role_code, person_id) VALUES ("tt0059895", 0, 199);
INSERT INTO Role (movie_id, role_code, person_id) VALUES ("tt0059895", 0, 17);
INSERT INTO Role (movie_id, role_code, person_id) VALUES ("tt0059895", 2, 53);
INSERT INTO Role (movie_id, role_code, person_id) VALUES ("tt0059895", 2, 104);
INSERT INTO Role (movie_id, role_code, person_id) VALUES ("tt0041479", 0, 200);
INSERT INTO Role (movie_id, role_code, person_id) VALUES ("tt0041479", 2, 49);

INSERT INTO Genre (genre_name, genre_id) VALUES (0, "Music");
INSERT INTO Genre (genre_name, genre_id) VALUES (1, "Comedy");
INSERT INTO Genre (genre_name, genre_id) VALUES (2, "Romance");
INSERT INTO Genre (genre_name, genre_id) VALUES (3, "History");
INSERT INTO Genre (genre_name, genre_id) VALUES (4, "Drama");
INSERT INTO Genre (genre_name, genre_id) VALUES (5, "Adventure");
INSERT INTO Genre (genre_name, genre_id) VALUES (6, "Fantasy");
INSERT INTO Genre (genre_name, genre_id) VALUES (7, "Action");
INSERT INTO Genre (genre_name, genre_id) VALUES (8, "Thriller");
INSERT INTO Genre (genre_name, genre_id) VALUES (9, "Horror");
INSERT INTO Genre (genre_name, genre_id) VALUES (10, "Sci-Fi");
INSERT INTO Genre (genre_name, genre_id) VALUES (11, "Mystery");
INSERT INTO Genre (genre_name, genre_id) VALUES (12, "Crime");
INSERT INTO Genre (genre_name, genre_id) VALUES (13, "Musical");
INSERT INTO Genre (genre_name, genre_id) VALUES (14, "Film-Noir");
INSERT INTO Genre (genre_name, genre_id) VALUES (15, "War");
INSERT INTO Genre (genre_name, genre_id) VALUES (16, "Biography");
INSERT INTO Genre (genre_name, genre_id) VALUES (17, "Western");

INSERT INTO MovieGenre (movie_id, genre_id) VALUES ("tt0074260", 0);
INSERT INTO MovieGenre (movie_id, genre_id) VALUES ("tt0038040", 1);
INSERT INTO MovieGenre (movie_id, genre_id) VALUES ("tt0038040", 2);
INSERT INTO MovieGenre (movie_id, genre_id) VALUES ("tt0038040", 3);
INSERT INTO MovieGenre (movie_id, genre_id) VALUES ("tt0038040", 4);
INSERT INTO MovieGenre (movie_id, genre_id) VALUES ("tt0048642", 5);
INSERT INTO MovieGenre (movie_id, genre_id) VALUES ("tt0048642", 6);
INSERT INTO MovieGenre (movie_id, genre_id) VALUES ("tt0048642", 7);
INSERT INTO MovieGenre (movie_id, genre_id) VALUES ("tt0032613", 3);
INSERT INTO MovieGenre (movie_id, genre_id) VALUES ("tt0032613", 5);
INSERT INTO MovieGenre (movie_id, genre_id) VALUES ("tt0073213", 8);
INSERT INTO MovieGenre (movie_id, genre_id) VALUES ("tt0055222", 4);
INSERT INTO MovieGenre (movie_id, genre_id) VALUES ("tt0055222", 3);
INSERT INTO MovieGenre (movie_id, genre_id) VALUES ("tt0052626", 4);
INSERT INTO MovieGenre (movie_id, genre_id) VALUES ("tt0070791", 1);
INSERT INTO MovieGenre (movie_id, genre_id) VALUES ("tt0070791", 9);
INSERT INTO MovieGenre (movie_id, genre_id) VALUES ("tt0070791", 4);
INSERT INTO MovieGenre (movie_id, genre_id) VALUES ("tt0065597", 9);
INSERT INTO MovieGenre (movie_id, genre_id) VALUES ("tt0055152", 10);
INSERT INTO MovieGenre (movie_id, genre_id) VALUES ("tt0055152", 5);
INSERT INTO MovieGenre (movie_id, genre_id) VALUES ("tt0055864", 4);
INSERT INTO MovieGenre (movie_id, genre_id) VALUES ("tt0055864", 11);
INSERT INTO MovieGenre (movie_id, genre_id) VALUES ("tt0055864", 12);
INSERT INTO MovieGenre (movie_id, genre_id) VALUES ("tt0040925", 1);
INSERT INTO MovieGenre (movie_id, genre_id) VALUES ("tt0040925", 13);
INSERT INTO MovieGenre (movie_id, genre_id) VALUES ("tt0039581", 4);
INSERT INTO MovieGenre (movie_id, genre_id) VALUES ("tt0039581", 14);
INSERT INTO MovieGenre (movie_id, genre_id) VALUES ("tt0039581", 8);
INSERT INTO MovieGenre (movie_id, genre_id) VALUES ("tt0039581", 2);
INSERT INTO MovieGenre (movie_id, genre_id) VALUES ("tt0039581", 12);
INSERT INTO MovieGenre (movie_id, genre_id) VALUES ("tt0032558", 2);
INSERT INTO MovieGenre (movie_id, genre_id) VALUES ("tt0032558", 5);
INSERT INTO MovieGenre (movie_id, genre_id) VALUES ("tt0040744", 8);
INSERT INTO MovieGenre (movie_id, genre_id) VALUES ("tt0040744", 11);
INSERT INTO MovieGenre (movie_id, genre_id) VALUES ("tt0040744", 7);
INSERT INTO MovieGenre (movie_id, genre_id) VALUES ("tt0040744", 5);
INSERT INTO MovieGenre (movie_id, genre_id) VALUES ("tt0040744", 15);
INSERT INTO MovieGenre (movie_id, genre_id) VALUES ("tt0085693", 1);
INSERT INTO MovieGenre (movie_id, genre_id) VALUES ("tt0085693", 11);
INSERT INTO MovieGenre (movie_id, genre_id) VALUES ("tt0085693", 9);
INSERT INTO MovieGenre (movie_id, genre_id) VALUES ("tt0229371", 4);
INSERT INTO MovieGenre (movie_id, genre_id) VALUES ("tt0229371", 8);
INSERT INTO MovieGenre (movie_id, genre_id) VALUES ("tt0229371", 11);
INSERT INTO MovieGenre (movie_id, genre_id) VALUES ("tt0229371", 9);
INSERT INTO MovieGenre (movie_id, genre_id) VALUES ("tt0041149", 0);
INSERT INTO MovieGenre (movie_id, genre_id) VALUES ("tt0041149", 2);
INSERT INTO MovieGenre (movie_id, genre_id) VALUES ("tt0041149", 7);
INSERT INTO MovieGenre (movie_id, genre_id) VALUES ("tt0041149", 6);
INSERT INTO MovieGenre (movie_id, genre_id) VALUES ("tt0041149", 5);
INSERT INTO MovieGenre (movie_id, genre_id) VALUES ("tt0058700", 4);
INSERT INTO MovieGenre (movie_id, genre_id) VALUES ("tt0058700", 10);
INSERT INTO MovieGenre (movie_id, genre_id) VALUES ("tt0058700", 9);
INSERT INTO MovieGenre (movie_id, genre_id) VALUES ("tt0056943", 1);
INSERT INTO MovieGenre (movie_id, genre_id) VALUES ("tt0056943", 9);
INSERT INTO MovieGenre (movie_id, genre_id) VALUES ("tt0068503", 1);
INSERT INTO MovieGenre (movie_id, genre_id) VALUES ("tt0068503", 9);
INSERT INTO MovieGenre (movie_id, genre_id) VALUES ("tt0037865", 4);
INSERT INTO MovieGenre (movie_id, genre_id) VALUES ("tt0037865", 14);
INSERT INTO MovieGenre (movie_id, genre_id) VALUES ("tt0037865", 2);
INSERT INTO MovieGenre (movie_id, genre_id) VALUES ("tt0037865", 8);
INSERT INTO MovieGenre (movie_id, genre_id) VALUES ("tt0066740", 1);
INSERT INTO MovieGenre (movie_id, genre_id) VALUES ("tt0066740", 9);
INSERT INTO MovieGenre (movie_id, genre_id) VALUES ("tt0037089", 8);
INSERT INTO MovieGenre (movie_id, genre_id) VALUES ("tt0037089", 11);
INSERT INTO MovieGenre (movie_id, genre_id) VALUES ("tt0091671", 4);
INSERT INTO MovieGenre (movie_id, genre_id) VALUES ("tt0091671", 8);
INSERT INTO MovieGenre (movie_id, genre_id) VALUES ("tt0091671", 9);
INSERT INTO MovieGenre (movie_id, genre_id) VALUES ("tt0091671", 7);
INSERT INTO MovieGenre (movie_id, genre_id) VALUES ("tt0057449", 1);
INSERT INTO MovieGenre (movie_id, genre_id) VALUES ("tt0057449", 9);
INSERT INTO MovieGenre (movie_id, genre_id) VALUES ("tt0057449", 6);
INSERT INTO MovieGenre (movie_id, genre_id) VALUES ("tt0079858", 1);
INSERT INTO MovieGenre (movie_id, genre_id) VALUES ("tt0049737", 4);
INSERT INTO MovieGenre (movie_id, genre_id) VALUES ("tt0049737", 2);
INSERT INTO MovieGenre (movie_id, genre_id) VALUES ("tt0049737", 0);
INSERT INTO MovieGenre (movie_id, genre_id) VALUES ("tt0041207", 4);
INSERT INTO MovieGenre (movie_id, genre_id) VALUES ("tt0041207", 14);
INSERT INTO MovieGenre (movie_id, genre_id) VALUES ("tt0041207", 8);
INSERT INTO MovieGenre (movie_id, genre_id) VALUES ("tt0041207", 12);
INSERT INTO MovieGenre (movie_id, genre_id) VALUES ("tt0044825", 4);
INSERT INTO MovieGenre (movie_id, genre_id) VALUES ("tt0044825", 14);
INSERT INTO MovieGenre (movie_id, genre_id) VALUES ("tt0044825", 12);
INSERT INTO MovieGenre (movie_id, genre_id) VALUES ("tt0056860", 1);
INSERT INTO MovieGenre (movie_id, genre_id) VALUES ("tt0056860", 2);
INSERT INTO MovieGenre (movie_id, genre_id) VALUES ("tt0056860", 13);
INSERT INTO MovieGenre (movie_id, genre_id) VALUES ("tt0056606", 4);
INSERT INTO MovieGenre (movie_id, genre_id) VALUES ("tt0056606", 8);
INSERT INTO MovieGenre (movie_id, genre_id) VALUES ("tt0056606", 9);
INSERT INTO MovieGenre (movie_id, genre_id) VALUES ("tt0056606", 3);
INSERT INTO MovieGenre (movie_id, genre_id) VALUES ("tt0056552", 1);
INSERT INTO MovieGenre (movie_id, genre_id) VALUES ("tt0056552", 8);
INSERT INTO MovieGenre (movie_id, genre_id) VALUES ("tt0056552", 11);
INSERT INTO MovieGenre (movie_id, genre_id) VALUES ("tt0056552", 9);
INSERT INTO MovieGenre (movie_id, genre_id) VALUES ("tt0036377", 4);
INSERT INTO MovieGenre (movie_id, genre_id) VALUES ("tt0036377", 16);
INSERT INTO MovieGenre (movie_id, genre_id) VALUES ("tt0039973", 4);
INSERT INTO MovieGenre (movie_id, genre_id) VALUES ("tt0039973", 14);
INSERT INTO MovieGenre (movie_id, genre_id) VALUES ("tt0039973", 8);
INSERT INTO MovieGenre (movie_id, genre_id) VALUES ("tt0039973", 12);
INSERT INTO MovieGenre (movie_id, genre_id) VALUES ("tt0046891", 14);
INSERT INTO MovieGenre (movie_id, genre_id) VALUES ("tt0046891", 8);
INSERT INTO MovieGenre (movie_id, genre_id) VALUES ("tt0046891", 11);
INSERT INTO MovieGenre (movie_id, genre_id) VALUES ("tt0046891", 7);
INSERT INTO MovieGenre (movie_id, genre_id) VALUES ("tt0049833", 4);
INSERT INTO MovieGenre (movie_id, genre_id) VALUES ("tt0049833", 5);
INSERT INTO MovieGenre (movie_id, genre_id) VALUES ("tt0058333", 9);
INSERT INTO MovieGenre (movie_id, genre_id) VALUES ("tt0042325", 1);
INSERT INTO MovieGenre (movie_id, genre_id) VALUES ("tt0042325", 2);
INSERT INTO MovieGenre (movie_id, genre_id) VALUES ("tt0053925", 4);
INSERT INTO MovieGenre (movie_id, genre_id) VALUES ("tt0053925", 9);
INSERT INTO MovieGenre (movie_id, genre_id) VALUES ("tt0059124", 1);
INSERT INTO MovieGenre (movie_id, genre_id) VALUES ("tt0059124", 10);
INSERT INTO MovieGenre (movie_id, genre_id) VALUES ("tt0099487", 4);
INSERT INTO MovieGenre (movie_id, genre_id) VALUES ("tt0099487", 2);
INSERT INTO MovieGenre (movie_id, genre_id) VALUES ("tt0099487", 6);
INSERT INTO MovieGenre (movie_id, genre_id) VALUES ("tt0036983", 4);
INSERT INTO MovieGenre (movie_id, genre_id) VALUES ("tt0036983", 15);
INSERT INTO MovieGenre (movie_id, genre_id) VALUES ("tt0045888", 9);
INSERT INTO MovieGenre (movie_id, genre_id) VALUES ("tt0051016", 4);
INSERT INTO MovieGenre (movie_id, genre_id) VALUES ("tt0051016", 10);
INSERT INTO MovieGenre (movie_id, genre_id) VALUES ("tt0051016", 6);
INSERT INTO MovieGenre (movie_id, genre_id) VALUES ("tt0056993", 9);
INSERT INTO MovieGenre (movie_id, genre_id) VALUES ("tt0030732", 1);
INSERT INTO MovieGenre (movie_id, genre_id) VALUES ("tt0096875", 1);
INSERT INTO MovieGenre (movie_id, genre_id) VALUES ("tt0096875", 4);
INSERT INTO MovieGenre (movie_id, genre_id) VALUES ("tt0096875", 8);
INSERT INTO MovieGenre (movie_id, genre_id) VALUES ("tt0096875", 2);
INSERT INTO MovieGenre (movie_id, genre_id) VALUES ("tt0096875", 7);
INSERT INTO MovieGenre (movie_id, genre_id) VALUES ("tt0096875", 12);
INSERT INTO MovieGenre (movie_id, genre_id) VALUES ("tt0032281", 2);
INSERT INTO MovieGenre (movie_id, genre_id) VALUES ("tt0032281", 5);
INSERT INTO MovieGenre (movie_id, genre_id) VALUES ("tt0032281", 17);
INSERT INTO MovieGenre (movie_id, genre_id) VALUES ("tt0032281", 16);
INSERT INTO MovieGenre (movie_id, genre_id) VALUES ("tt0032281", 3);
INSERT INTO MovieGenre (movie_id, genre_id) VALUES ("tt0032635", 4);
INSERT INTO MovieGenre (movie_id, genre_id) VALUES ("tt0032635", 10);
INSERT INTO MovieGenre (movie_id, genre_id) VALUES ("tt0032635", 8);
INSERT INTO MovieGenre (movie_id, genre_id) VALUES ("tt0032635", 11);
INSERT INTO MovieGenre (movie_id, genre_id) VALUES ("tt0032635", 9);
INSERT INTO MovieGenre (movie_id, genre_id) VALUES ("tt0059821", 4);
INSERT INTO MovieGenre (movie_id, genre_id) VALUES ("tt0059821", 8);
INSERT INTO MovieGenre (movie_id, genre_id) VALUES ("tt0059821", 9);
INSERT INTO MovieGenre (movie_id, genre_id) VALUES ("tt0094315", 4);
INSERT INTO MovieGenre (movie_id, genre_id) VALUES ("tt0055304", 4);
INSERT INTO MovieGenre (movie_id, genre_id) VALUES ("tt0055304", 11);
INSERT INTO MovieGenre (movie_id, genre_id) VALUES ("tt0055304", 9);
INSERT INTO MovieGenre (movie_id, genre_id) VALUES ("tt0032049", 4);
INSERT INTO MovieGenre (movie_id, genre_id) VALUES ("tt0032049", 3);
INSERT INTO MovieGenre (movie_id, genre_id) VALUES ("tt0036803", 4);
INSERT INTO MovieGenre (movie_id, genre_id) VALUES ("tt0036803", 15);
INSERT INTO MovieGenre (movie_id, genre_id) VALUES ("tt0037465", 4);
INSERT INTO MovieGenre (movie_id, genre_id) VALUES ("tt0037465", 0);
INSERT INTO MovieGenre (movie_id, genre_id) VALUES ("tt0037465", 2);
INSERT INTO MovieGenre (movie_id, genre_id) VALUES ("tt0037465", 16);
INSERT INTO MovieGenre (movie_id, genre_id) VALUES ("tt0037465", 3);
INSERT INTO MovieGenre (movie_id, genre_id) VALUES ("tt0061451", 4);
INSERT INTO MovieGenre (movie_id, genre_id) VALUES ("tt0061451", 8);
INSERT INTO MovieGenre (movie_id, genre_id) VALUES ("tt0061451", 12);
INSERT INTO MovieGenre (movie_id, genre_id) VALUES ("tt0063285", 4);
INSERT INTO MovieGenre (movie_id, genre_id) VALUES ("tt0063285", 16);
INSERT INTO MovieGenre (movie_id, genre_id) VALUES ("tt0063285", 9);
INSERT INTO MovieGenre (movie_id, genre_id) VALUES ("tt0061014", 1);
INSERT INTO MovieGenre (movie_id, genre_id) VALUES ("tt0061014", 10);
INSERT INTO MovieGenre (movie_id, genre_id) VALUES ("tt0061014", 5);
INSERT INTO MovieGenre (movie_id, genre_id) VALUES ("tt0040876", 4);
INSERT INTO MovieGenre (movie_id, genre_id) VALUES ("tt0040876", 2);
INSERT INTO MovieGenre (movie_id, genre_id) VALUES ("tt0040876", 5);
INSERT INTO MovieGenre (movie_id, genre_id) VALUES ("tt0040876", 7);
INSERT INTO MovieGenre (movie_id, genre_id) VALUES ("tt0038492", 4);
INSERT INTO MovieGenre (movie_id, genre_id) VALUES ("tt0038492", 8);
INSERT INTO MovieGenre (movie_id, genre_id) VALUES ("tt0038492", 2);
INSERT INTO MovieGenre (movie_id, genre_id) VALUES ("tt0038492", 11);
INSERT INTO MovieGenre (movie_id, genre_id) VALUES ("tt0065125", 1);
INSERT INTO MovieGenre (movie_id, genre_id) VALUES ("tt0065125", 13);
INSERT INTO MovieGenre (movie_id, genre_id) VALUES ("tt0042229", 4);
INSERT INTO MovieGenre (movie_id, genre_id) VALUES ("tt0042229", 17);
INSERT INTO MovieGenre (movie_id, genre_id) VALUES ("tt0042229", 16);
INSERT INTO MovieGenre (movie_id, genre_id) VALUES ("tt0042229", 12);
INSERT INTO MovieGenre (movie_id, genre_id) VALUES ("tt0042229", 3);
INSERT INTO MovieGenre (movie_id, genre_id) VALUES ("tt0081178", 1);
INSERT INTO MovieGenre (movie_id, genre_id) VALUES ("tt0081178", 9);
INSERT INTO MovieGenre (movie_id, genre_id) VALUES ("tt0043643", 14);
INSERT INTO MovieGenre (movie_id, genre_id) VALUES ("tt0043643", 8);
INSERT INTO MovieGenre (movie_id, genre_id) VALUES ("tt0043643", 2);
INSERT INTO MovieGenre (movie_id, genre_id) VALUES ("tt0043643", 7);
INSERT INTO MovieGenre (movie_id, genre_id) VALUES ("tt0043643", 12);
INSERT INTO MovieGenre (movie_id, genre_id) VALUES ("tt0057608", 2);
INSERT INTO MovieGenre (movie_id, genre_id) VALUES ("tt0057608", 10);
INSERT INTO MovieGenre (movie_id, genre_id) VALUES ("tt0057608", 11);
INSERT INTO MovieGenre (movie_id, genre_id) VALUES ("tt0057608", 9);
INSERT INTO MovieGenre (movie_id, genre_id) VALUES ("tt0038937", 14);
INSERT INTO MovieGenre (movie_id, genre_id) VALUES ("tt0038937", 8);
INSERT INTO MovieGenre (movie_id, genre_id) VALUES ("tt0053363", 9);
INSERT INTO MovieGenre (movie_id, genre_id) VALUES ("tt0071677", 1);
INSERT INTO MovieGenre (movie_id, genre_id) VALUES ("tt0043264", 5);
INSERT INTO MovieGenre (movie_id, genre_id) VALUES ("tt0064747", 9);
INSERT INTO MovieGenre (movie_id, genre_id) VALUES ("tt0061832", 17);
INSERT INTO MovieGenre (movie_id, genre_id) VALUES ("tt0061832", 5);
INSERT INTO MovieGenre (movie_id, genre_id) VALUES ("tt0031826", 4);
INSERT INTO MovieGenre (movie_id, genre_id) VALUES ("tt0031826", 16);
INSERT INTO MovieGenre (movie_id, genre_id) VALUES ("tt0031826", 2);
INSERT INTO MovieGenre (movie_id, genre_id) VALUES ("tt0031826", 3);
INSERT INTO MovieGenre (movie_id, genre_id) VALUES ("tt0071790", 8);
INSERT INTO MovieGenre (movie_id, genre_id) VALUES ("tt0071790", 11);
INSERT INTO MovieGenre (movie_id, genre_id) VALUES ("tt0071790", 9);
INSERT INTO MovieGenre (movie_id, genre_id) VALUES ("tt0071790", 12);
INSERT INTO MovieGenre (movie_id, genre_id) VALUES ("tt0057128", 9);
INSERT INTO MovieGenre (movie_id, genre_id) VALUES ("tt0047200", 8);
INSERT INTO MovieGenre (movie_id, genre_id) VALUES ("tt0047200", 11);
INSERT INTO MovieGenre (movie_id, genre_id) VALUES ("tt0047200", 9);
INSERT INTO MovieGenre (movie_id, genre_id) VALUES ("tt0055868", 4);
INSERT INTO MovieGenre (movie_id, genre_id) VALUES ("tt0055868", 16);
INSERT INTO MovieGenre (movie_id, genre_id) VALUES ("tt0055868", 12);
INSERT INTO MovieGenre (movie_id, genre_id) VALUES ("tt0052602", 8);
INSERT INTO MovieGenre (movie_id, genre_id) VALUES ("tt0052602", 11);
INSERT INTO MovieGenre (movie_id, genre_id) VALUES ("tt0052602", 9);
INSERT INTO MovieGenre (movie_id, genre_id) VALUES ("tt0051622", 4);
INSERT INTO MovieGenre (movie_id, genre_id) VALUES ("tt0051622", 10);
INSERT INTO MovieGenre (movie_id, genre_id) VALUES ("tt0051622", 9);
INSERT INTO MovieGenre (movie_id, genre_id) VALUES ("tt0037008", 4);
INSERT INTO MovieGenre (movie_id, genre_id) VALUES ("tt0037008", 14);
INSERT INTO MovieGenre (movie_id, genre_id) VALUES ("tt0037008", 11);
INSERT INTO MovieGenre (movie_id, genre_id) VALUES ("tt0094961", 1);
INSERT INTO MovieGenre (movie_id, genre_id) VALUES ("tt0094961", 10);
INSERT INTO MovieGenre (movie_id, genre_id) VALUES ("tt0094961", 8);
INSERT INTO MovieGenre (movie_id, genre_id) VALUES ("tt0094961", 9);
INSERT INTO MovieGenre (movie_id, genre_id) VALUES ("tt0094961", 7);
INSERT INTO MovieGenre (movie_id, genre_id) VALUES ("tt0032610", 4);
INSERT INTO MovieGenre (movie_id, genre_id) VALUES ("tt0032610", 8);
INSERT INTO MovieGenre (movie_id, genre_id) VALUES ("tt0051744", 11);
INSERT INTO MovieGenre (movie_id, genre_id) VALUES ("tt0051744", 9);
INSERT INTO MovieGenre (movie_id, genre_id) VALUES ("tt0051744", 12);
INSERT INTO MovieGenre (movie_id, genre_id) VALUES ("tt0054937", 4);
INSERT INTO MovieGenre (movie_id, genre_id) VALUES ("tt0054937", 5);
INSERT INTO MovieGenre (movie_id, genre_id) VALUES ("tt0064695", 17);
INSERT INTO MovieGenre (movie_id, genre_id) VALUES ("tt0064695", 2);
INSERT INTO MovieGenre (movie_id, genre_id) VALUES ("tt0049949", 4);
INSERT INTO MovieGenre (movie_id, genre_id) VALUES ("tt0049949", 14);
INSERT INTO MovieGenre (movie_id, genre_id) VALUES ("tt0049949", 8);
INSERT INTO MovieGenre (movie_id, genre_id) VALUES ("tt0049949", 12);
INSERT INTO MovieGenre (movie_id, genre_id) VALUES ("tt0064949", 4);
INSERT INTO MovieGenre (movie_id, genre_id) VALUES ("tt0064949", 10);
INSERT INTO MovieGenre (movie_id, genre_id) VALUES ("tt0064949", 8);
INSERT INTO MovieGenre (movie_id, genre_id) VALUES ("tt0064949", 11);
INSERT INTO MovieGenre (movie_id, genre_id) VALUES ("tt0064949", 9);
INSERT INTO MovieGenre (movie_id, genre_id) VALUES ("tt0064949", 12);
INSERT INTO MovieGenre (movie_id, genre_id) VALUES ("tt0086981", 1);
INSERT INTO MovieGenre (movie_id, genre_id) VALUES ("tt0086981", 9);
INSERT INTO MovieGenre (movie_id, genre_id) VALUES ("tt0270206", 10);
INSERT INTO MovieGenre (movie_id, genre_id) VALUES ("tt0053219", 4);
INSERT INTO MovieGenre (movie_id, genre_id) VALUES ("tt0053219", 10);
INSERT INTO MovieGenre (movie_id, genre_id) VALUES ("tt0053219", 9);
INSERT INTO MovieGenre (movie_id, genre_id) VALUES ("tt0053219", 6);
INSERT INTO MovieGenre (movie_id, genre_id) VALUES ("tt0059895", 10);
INSERT INTO MovieGenre (movie_id, genre_id) VALUES ("tt0059895", 9);
INSERT INTO MovieGenre (movie_id, genre_id) VALUES ("tt0059895", 6);
INSERT INTO MovieGenre (movie_id, genre_id) VALUES ("tt0059895", 5);
INSERT INTO MovieGenre (movie_id, genre_id) VALUES ("tt0041479", 1);
INSERT INTO MovieGenre (movie_id, genre_id) VALUES ("tt0041479", 2);
INSERT INTO MovieGenre (movie_id, genre_id) VALUES ("tt0041479", 17);

INSERT INTO Production (production_name, production_id) VALUES (0, "Oyster Films Ltd.");
INSERT INTO Production (production_name, production_id) VALUES (1, "Twentieth Century Fox");
INSERT INTO Production (production_name, production_id) VALUES (2, "RKO Radio Pictures");
INSERT INTO Production (production_name, production_id) VALUES (3, "New World Productions");
INSERT INTO Production (production_name, production_id) VALUES (4, "MAX Film");
INSERT INTO Production (production_name, production_id) VALUES (5, "Saratoga-Vic Mature Productions");
INSERT INTO Production (production_name, production_id) VALUES (6, "Irwin Allen Productions");
INSERT INTO Production (production_name, production_id) VALUES (7, "Harbour Productions Limited");
INSERT INTO Production (production_name, production_id) VALUES (8, "Cineman Productions");
INSERT INTO Production (production_name, production_id) VALUES (9, "American International Pictures (AIP)");
INSERT INTO Production (production_name, production_id) VALUES (10, "Alta Vista Productions");
INSERT INTO Production (production_name, production_id) VALUES (11, "Photoplay");
INSERT INTO Production (production_name, production_id) VALUES (12, "Universal Pictures");
INSERT INTO Production (production_name, production_id) VALUES (13, "Select Productions (III)");
INSERT INTO Production (production_name, production_id) VALUES (14, "James Whale Productions");
INSERT INTO Production (production_name, production_id) VALUES (15, "Famous Productions");
INSERT INTO Production (production_name, production_id) VALUES (16, "Universal International Pictures (UI)");
INSERT INTO Production (production_name, production_id) VALUES (17, "London-Cannon Films");
INSERT INTO Production (production_name, production_id) VALUES (18, "Ken Johnson Productions");
INSERT INTO Production (production_name, production_id) VALUES (19, "American-International Television (AIP-TV)");
INSERT INTO Production (production_name, production_id) VALUES (20, "Produzioni La Regina");
INSERT INTO Production (production_name, production_id) VALUES (21, "Associated Producers (API)");
INSERT INTO Production (production_name, production_id) VALUES (22, "Amicus Productions");
INSERT INTO Production (production_name, production_id) VALUES (23, "Whisper Scream Limited Partnership");
INSERT INTO Production (production_name, production_id) VALUES (24, "Manson International");
INSERT INTO Production (production_name, production_id) VALUES (25, "Conquest Productions");
INSERT INTO Production (production_name, production_id) VALUES (26, "Melvin Simon Productions");
INSERT INTO Production (production_name, production_id) VALUES (27, "SA Vail Productions");
INSERT INTO Production (production_name, production_id) VALUES (28, "Warner Bros.");
INSERT INTO Production (production_name, production_id) VALUES (29, "Metro-Goldwyn-Mayer (MGM)");
INSERT INTO Production (production_name, production_id) VALUES (30, "Edward Small Productions");
INSERT INTO Production (production_name, production_id) VALUES (31, "Motion Picture Associates (II)");
INSERT INTO Production (production_name, production_id) VALUES (32, "Cardinal Pictures (I)");
INSERT INTO Production (production_name, production_id) VALUES (33, "Bryan Foy Productions");
INSERT INTO Production (production_name, production_id) VALUES (34, "Cambridge Productions");
INSERT INTO Production (production_name, production_id) VALUES (35, "Robert E. Kent Productions");
INSERT INTO Production (production_name, production_id) VALUES (36, "Mack-Taylor Productions");
INSERT INTO Production (production_name, production_id) VALUES (37, "Dick Clark Productions");
INSERT INTO Production (production_name, production_id) VALUES (38, "Precision Films");
INSERT INTO Production (production_name, production_id) VALUES (39, "Vestron Pictures");
INSERT INTO Production (production_name, production_id) VALUES (40, "Nelson Entertainment");
INSERT INTO Production (production_name, production_id) VALUES (41, "Producciones Cinematográficas Hispamer Films");
INSERT INTO Production (production_name, production_id) VALUES (42, "Constantin Film");
INSERT INTO Production (production_name, production_id) VALUES (43, "Tigon British Film Productions");
INSERT INTO Production (production_name, production_id) VALUES (44, "Italian International Film");
INSERT INTO Production (production_name, production_id) VALUES (45, "Deputy Corporation");
INSERT INTO Production (production_name, production_id) VALUES (46, "Sword & Sorcery");
INSERT INTO Production (production_name, production_id) VALUES (47, "Chips Productions");
INSERT INTO Production (production_name, production_id) VALUES (48, "Columbia Pictures");
INSERT INTO Production (production_name, production_id) VALUES (49, "William Castle Productions");
INSERT INTO Production (production_name, production_id) VALUES (50, "Welbeck Films Ltd.");
INSERT INTO Production (production_name, production_id) VALUES (51, "Silver Films");
INSERT INTO Production (production_name, production_id) VALUES (52, "Les Films Corona");
INSERT INTO Production (production_name, production_id) VALUES (53, "Killarney Film Studios");
INSERT INTO Production (production_name, production_id) VALUES (54, "La Honda Productions");
INSERT INTO Production (production_name, production_id) VALUES (55, "Kaufman-Lubin Productions");
INSERT INTO Production (production_name, production_id) VALUES (56, "Liberty Pictures (IV)");
INSERT INTO Production (production_name, production_id) VALUES (57, "Regal Films");
INSERT INTO Production (production_name, production_id) VALUES (58, "Helpern / Meltzer");
INSERT INTO Production (production_name, production_id) VALUES (59, "Max Production");
INSERT INTO Production (production_name, production_id) VALUES (60, "Aubrey Schenck Productions");
INSERT INTO Production (production_name, production_id) VALUES (61, "Bert E. Friedlob Productions");
INSERT INTO Production (production_name, production_id) VALUES (62, "Wildwood Productions");
INSERT INTO Production (production_name, production_id) VALUES (63, "Gold Key Entertainment (I)");
INSERT INTO Production (production_name, production_id) VALUES (64, "Bruton Film Productions");

INSERT INTO MovieProduction (movie_id, production_id) VALUES ("tt0074260", 0);
INSERT INTO MovieProduction (movie_id, production_id) VALUES ("tt0038040", 1);
INSERT INTO MovieProduction (movie_id, production_id) VALUES ("tt0048642", 2);
INSERT INTO MovieProduction (movie_id, production_id) VALUES ("tt0032613", 1);
INSERT INTO MovieProduction (movie_id, production_id) VALUES ("tt0073213", 3);
INSERT INTO MovieProduction (movie_id, production_id) VALUES ("tt0055222", 4);
INSERT INTO MovieProduction (movie_id, production_id) VALUES ("tt0052626", 5);
INSERT INTO MovieProduction (movie_id, production_id) VALUES ("tt0052626", 6);
INSERT INTO MovieProduction (movie_id, production_id) VALUES ("tt0070791", 7);
INSERT INTO MovieProduction (movie_id, production_id) VALUES ("tt0070791", 8);
INSERT INTO MovieProduction (movie_id, production_id) VALUES ("tt0065597", 9);
INSERT INTO MovieProduction (movie_id, production_id) VALUES ("tt0055152", 10);
INSERT INTO MovieProduction (movie_id, production_id) VALUES ("tt0055864", 11);
INSERT INTO MovieProduction (movie_id, production_id) VALUES ("tt0040925", 12);
INSERT INTO MovieProduction (movie_id, production_id) VALUES ("tt0039581", 13);
INSERT INTO MovieProduction (movie_id, production_id) VALUES ("tt0032558", 14);
INSERT INTO MovieProduction (movie_id, production_id) VALUES ("tt0032558", 15);
INSERT INTO MovieProduction (movie_id, production_id) VALUES ("tt0040744", 16);
INSERT INTO MovieProduction (movie_id, production_id) VALUES ("tt0085693", 17);
INSERT INTO MovieProduction (movie_id, production_id) VALUES ("tt0229371", 18);
INSERT INTO MovieProduction (movie_id, production_id) VALUES ("tt0229371", 19);
INSERT INTO MovieProduction (movie_id, production_id) VALUES ("tt0041149", 16);
INSERT INTO MovieProduction (movie_id, production_id) VALUES ("tt0058700", 20);
INSERT INTO MovieProduction (movie_id, production_id) VALUES ("tt0058700", 21);
INSERT INTO MovieProduction (movie_id, production_id) VALUES ("tt0056943", 10);
INSERT INTO MovieProduction (movie_id, production_id) VALUES ("tt0068503", 22);
INSERT INTO MovieProduction (movie_id, production_id) VALUES ("tt0068503", 9);
INSERT INTO MovieProduction (movie_id, production_id) VALUES ("tt0037865", 1);
INSERT INTO MovieProduction (movie_id, production_id) VALUES ("tt0066740", 22);
INSERT INTO MovieProduction (movie_id, production_id) VALUES ("tt0066740", 9);
INSERT INTO MovieProduction (movie_id, production_id) VALUES ("tt0037089", 1);
INSERT INTO MovieProduction (movie_id, production_id) VALUES ("tt0091671", 23);
INSERT INTO MovieProduction (movie_id, production_id) VALUES ("tt0091671", 24);
INSERT INTO MovieProduction (movie_id, production_id) VALUES ("tt0091671", 25);
INSERT INTO MovieProduction (movie_id, production_id) VALUES ("tt0057449", 10);
INSERT INTO MovieProduction (movie_id, production_id) VALUES ("tt0079858", 1);
INSERT INTO MovieProduction (movie_id, production_id) VALUES ("tt0079858", 26);
INSERT INTO MovieProduction (movie_id, production_id) VALUES ("tt0079858", 27);
INSERT INTO MovieProduction (movie_id, production_id) VALUES ("tt0049737", 28);
INSERT INTO MovieProduction (movie_id, production_id) VALUES ("tt0041207", 29);
INSERT INTO MovieProduction (movie_id, production_id) VALUES ("tt0044825", 2);
INSERT INTO MovieProduction (movie_id, production_id) VALUES ("tt0056860", 10);
INSERT INTO MovieProduction (movie_id, production_id) VALUES ("tt0056606", 30);
INSERT INTO MovieProduction (movie_id, production_id) VALUES ("tt0056552", 10);
INSERT INTO MovieProduction (movie_id, production_id) VALUES ("tt0036377", 1);
INSERT INTO MovieProduction (movie_id, production_id) VALUES ("tt0039973", 16);
INSERT INTO MovieProduction (movie_id, production_id) VALUES ("tt0046891", 6);
INSERT INTO MovieProduction (movie_id, production_id) VALUES ("tt0049833", 31);
INSERT INTO MovieProduction (movie_id, production_id) VALUES ("tt0058333", 10);
INSERT INTO MovieProduction (movie_id, production_id) VALUES ("tt0042325", 32);
INSERT INTO MovieProduction (movie_id, production_id) VALUES ("tt0053925", 10);
INSERT INTO MovieProduction (movie_id, production_id) VALUES ("tt0059124", 9);
INSERT INTO MovieProduction (movie_id, production_id) VALUES ("tt0099487", 1);
INSERT INTO MovieProduction (movie_id, production_id) VALUES ("tt0036983", 1);
INSERT INTO MovieProduction (movie_id, production_id) VALUES ("tt0045888", 28);
INSERT INTO MovieProduction (movie_id, production_id) VALUES ("tt0045888", 33);
INSERT INTO MovieProduction (movie_id, production_id) VALUES ("tt0051016", 34);
INSERT INTO MovieProduction (movie_id, production_id) VALUES ("tt0056993", 35);
INSERT INTO MovieProduction (movie_id, production_id) VALUES ("tt0030732", 12);
INSERT INTO MovieProduction (movie_id, production_id) VALUES ("tt0096875", 36);
INSERT INTO MovieProduction (movie_id, production_id) VALUES ("tt0096875", 37);
INSERT INTO MovieProduction (movie_id, production_id) VALUES ("tt0096875", 38);
INSERT INTO MovieProduction (movie_id, production_id) VALUES ("tt0096875", 39);
INSERT INTO MovieProduction (movie_id, production_id) VALUES ("tt0032281", 1);
INSERT INTO MovieProduction (movie_id, production_id) VALUES ("tt0032635", 12);
INSERT INTO MovieProduction (movie_id, production_id) VALUES ("tt0059821", 10);
INSERT INTO MovieProduction (movie_id, production_id) VALUES ("tt0094315", 40);
INSERT INTO MovieProduction (movie_id, production_id) VALUES ("tt0055304", 10);
INSERT INTO MovieProduction (movie_id, production_id) VALUES ("tt0032049", 12);
INSERT INTO MovieProduction (movie_id, production_id) VALUES ("tt0036803", 1);
INSERT INTO MovieProduction (movie_id, production_id) VALUES ("tt0037465", 1);
INSERT INTO MovieProduction (movie_id, production_id) VALUES ("tt0061451", 41);
INSERT INTO MovieProduction (movie_id, production_id) VALUES ("tt0061451", 42);
INSERT INTO MovieProduction (movie_id, production_id) VALUES ("tt0063285", 9);
INSERT INTO MovieProduction (movie_id, production_id) VALUES ("tt0063285", 43);
INSERT INTO MovieProduction (movie_id, production_id) VALUES ("tt0061014", 44);
INSERT INTO MovieProduction (movie_id, production_id) VALUES ("tt0061014", 9);
INSERT INTO MovieProduction (movie_id, production_id) VALUES ("tt0040876", 29);
INSERT INTO MovieProduction (movie_id, production_id) VALUES ("tt0038492", 1);
INSERT INTO MovieProduction (movie_id, production_id) VALUES ("tt0065125", 29);
INSERT INTO MovieProduction (movie_id, production_id) VALUES ("tt0042229", 45);
INSERT INTO MovieProduction (movie_id, production_id) VALUES ("tt0081178", 46);
INSERT INTO MovieProduction (movie_id, production_id) VALUES ("tt0081178", 47);
INSERT INTO MovieProduction (movie_id, production_id) VALUES ("tt0043643", 2);
INSERT INTO MovieProduction (movie_id, production_id) VALUES ("tt0057608", 35);
INSERT INTO MovieProduction (movie_id, production_id) VALUES ("tt0038937", 1);
INSERT INTO MovieProduction (movie_id, production_id) VALUES ("tt0053363", 48);
INSERT INTO MovieProduction (movie_id, production_id) VALUES ("tt0053363", 49);
INSERT INTO MovieProduction (movie_id, production_id) VALUES ("tt0071677", 50);
INSERT INTO MovieProduction (movie_id, production_id) VALUES ("tt0043264", 51);
INSERT INTO MovieProduction (movie_id, production_id) VALUES ("tt0043264", 52);
INSERT INTO MovieProduction (movie_id, production_id) VALUES ("tt0064747", 9);
INSERT INTO MovieProduction (movie_id, production_id) VALUES ("tt0061832", 1);
INSERT INTO MovieProduction (movie_id, production_id) VALUES ("tt0061832", 53);
INSERT INTO MovieProduction (movie_id, production_id) VALUES ("tt0031826", 28);
INSERT INTO MovieProduction (movie_id, production_id) VALUES ("tt0071790", 22);
INSERT INTO MovieProduction (movie_id, production_id) VALUES ("tt0071790", 9);
INSERT INTO MovieProduction (movie_id, production_id) VALUES ("tt0057128", 54);
INSERT INTO MovieProduction (movie_id, production_id) VALUES ("tt0057128", 10);
INSERT INTO MovieProduction (movie_id, production_id) VALUES ("tt0047200", 48);
INSERT INTO MovieProduction (movie_id, production_id) VALUES ("tt0055868", 55);
INSERT INTO MovieProduction (movie_id, production_id) VALUES ("tt0052602", 56);
INSERT INTO MovieProduction (movie_id, production_id) VALUES ("tt0051622", 1);
INSERT INTO MovieProduction (movie_id, production_id) VALUES ("tt0051622", 57);
INSERT INTO MovieProduction (movie_id, production_id) VALUES ("tt0037008", 1);
INSERT INTO MovieProduction (movie_id, production_id) VALUES ("tt0094961", 58);
INSERT INTO MovieProduction (movie_id, production_id) VALUES ("tt0032610", 12);
INSERT INTO MovieProduction (movie_id, production_id) VALUES ("tt0051744", 49);
INSERT INTO MovieProduction (movie_id, production_id) VALUES ("tt0054937", 59);
INSERT INTO MovieProduction (movie_id, production_id) VALUES ("tt0064695", 60);
INSERT INTO MovieProduction (movie_id, production_id) VALUES ("tt0049949", 61);
INSERT INTO MovieProduction (movie_id, production_id) VALUES ("tt0064949", 22);
INSERT INTO MovieProduction (movie_id, production_id) VALUES ("tt0086981", 62);
INSERT INTO MovieProduction (movie_id, production_id) VALUES ("tt0270206", 63);
INSERT INTO MovieProduction (movie_id, production_id) VALUES ("tt0053219", 21);
INSERT INTO MovieProduction (movie_id, production_id) VALUES ("tt0059895", 64);
INSERT INTO MovieProduction (movie_id, production_id) VALUES ("tt0041479", 16);

INSERT INTO Tagline (movie_id, tagline_text, tagline_id) VALUES ("tt0074260", "A Fun Musical Extravaganza", 0);
INSERT INTO Tagline (movie_id, tagline_text, tagline_id) VALUES ("tt0038040", "Saucy! Naughty! Delicious!", 1);
INSERT INTO Tagline (movie_id, tagline_text, tagline_id) VALUES ("tt0048642", "HOLD ON TO YOUR TURBANS! Here comes Adventure's boldest son!", 2);
INSERT INTO Tagline (movie_id, tagline_text, tagline_id) VALUES ("tt0073213", "Everyone they meet...every door they open...every corner they turn...could be their last!", 3);
INSERT INTO Tagline (movie_id, tagline_text, tagline_id) VALUES ("tt0055222", "The Fascinating Woman Who Deserted the Pharaoh For the Arms of the Artist Who Made Her Immortal!", 4);
INSERT INTO Tagline (movie_id, tagline_text, tagline_id) VALUES ("tt0052626", "No one seated during the last 10 minutes so you will completely enjoy the surprise ending! P.S. And please do not reveal the identity of the villain!", 5);
INSERT INTO Tagline (movie_id, tagline_text, tagline_id) VALUES ("tt0052626", "YOU are part of THE BIGGEST SHOW IN THE WORLD! The most exciting behind-the-scenes drama of the Big Top ever told! YOU catapult through the air on a flying trapeze! YOU face the snarling fangs of t...", 6);
INSERT INTO Tagline (movie_id, tagline_text, tagline_id) VALUES ("tt0070791", "He gave his critics a bloody and violent taste of their own medicine!", 7);
INSERT INTO Tagline (movie_id, tagline_text, tagline_id) VALUES ("tt0070791", "Vincent Price has reserved a seat for you in the 'theatre of blood.'", 8);
INSERT INTO Tagline (movie_id, tagline_text, tagline_id) VALUES ("tt0065597", "Edgar Allan Poe probes new depths of TERROR!", 9);
INSERT INTO Tagline (movie_id, tagline_text, tagline_id) VALUES ("tt0055152", "The fabulous adventures of the man who conquered the earth to save it!", 10);
INSERT INTO Tagline (movie_id, tagline_text, tagline_id) VALUES ("tt0055864", "Dare you enter the nightmare zone of the incredible?", 11);
INSERT INTO Tagline (movie_id, tagline_text, tagline_id) VALUES ("tt0055864", "Take One Daring Step Beyond the Threshold of Your Imagination!", 12);
INSERT INTO Tagline (movie_id, tagline_text, tagline_id) VALUES ("tt0039581", "The impassioned story of a love that promised the world -- and paid off in bullets!", 13);
INSERT INTO Tagline (movie_id, tagline_text, tagline_id) VALUES ("tt0039581", "COMING AT YOU ... in a blast of terrific drama!", 14);
INSERT INTO Tagline (movie_id, tagline_text, tagline_id) VALUES ("tt0032558", "Daring trail-blazers of untrod jungles !", 15);
INSERT INTO Tagline (movie_id, tagline_text, tagline_id) VALUES ("tt0040744", "Last outpost of adventure ! Where men leave to fight and fight to leave !", 16);
INSERT INTO Tagline (movie_id, tagline_text, tagline_id) VALUES ("tt0085693", "A murderously funny mystery with a twist...", 17);
INSERT INTO Tagline (movie_id, tagline_text, tagline_id) VALUES ("tt0085693", "The screens masters of terror together for the first time...", 18);
INSERT INTO Tagline (movie_id, tagline_text, tagline_id) VALUES ("tt0229371", "A diabolical quartet of HORRIFYING Evil!", 19);
INSERT INTO Tagline (movie_id, tagline_text, tagline_id) VALUES ("tt0229371", "With Poe Once Is Never Enough!", 20);
INSERT INTO Tagline (movie_id, tagline_text, tagline_id) VALUES ("tt0041149", "ALL THE MAGIC OF THRILLING BAGDAD! (print ad - all caps)", 21);
INSERT INTO Tagline (movie_id, tagline_text, tagline_id) VALUES ("tt0041149", "The picture of 1001 pleasures! ...1001 adventures! ...1001 delights!", 22);
INSERT INTO Tagline (movie_id, tagline_text, tagline_id) VALUES ("tt0058700", "By night they leave their graves, crawling, shambling, through empty streets, whimpering, pleading, begging for his blood!", 23);
INSERT INTO Tagline (movie_id, tagline_text, tagline_id) VALUES ("tt0058700", "Alive among the lifeless... alone among the crawling creatures of evil that make the night hideous with their inhuman craving!", 24);
INSERT INTO Tagline (movie_id, tagline_text, tagline_id) VALUES ("tt0056943", "Every shroud has a silver lining!", 25);
INSERT INTO Tagline (movie_id, tagline_text, tagline_id) VALUES ("tt0056943", "A macabre romp featuring 4 great names from the Horror Hall of Fame!", 26);
INSERT INTO Tagline (movie_id, tagline_text, tagline_id) VALUES ("tt0068503", "The Sting's in the tale! Another horrendous story from the merchant of menace", 27);
INSERT INTO Tagline (movie_id, tagline_text, tagline_id) VALUES ("tt0068503", "Run! Hide! Scream!", 28);
INSERT INTO Tagline (movie_id, tagline_text, tagline_id) VALUES ("tt0037865", "The picture that is the sum total of all human emotions!", 29);
INSERT INTO Tagline (movie_id, tagline_text, tagline_id) VALUES ("tt0037865", "HERS WAS THE DEADLIEST OF THE SEVEN DEADLY SINS! (print ad - Lubbock Morning Avalanche - Tech Theatre - Lubbock, Texas - Jnuary 21, 1947 - all caps)", 30);
INSERT INTO Tagline (movie_id, tagline_text, tagline_id) VALUES ("tt0066740", "Will scare you out of your skull", 31);
INSERT INTO Tagline (movie_id, tagline_text, tagline_id) VALUES ("tt0066740", "Dr. Phibes has great vibes!", 32);
INSERT INTO Tagline (movie_id, tagline_text, tagline_id) VALUES ("tt0091671", "Fear......Times Four", 33);
INSERT INTO Tagline (movie_id, tagline_text, tagline_id) VALUES ("tt0091671", "Welcome to Oldfield. Stop in for a night of pure terror.", 34);
INSERT INTO Tagline (movie_id, tagline_text, tagline_id) VALUES ("tt0057449", "The Macabre Masterpiece of Terror!", 35);
INSERT INTO Tagline (movie_id, tagline_text, tagline_id) VALUES ("tt0057449", "The supreme adventure in terror!", 36);
INSERT INTO Tagline (movie_id, tagline_text, tagline_id) VALUES ("tt0079858", "Winner takes all!", 37);
INSERT INTO Tagline (movie_id, tagline_text, tagline_id) VALUES ("tt0049737", "The most thrilling story-with-music ever made is Mario Lanza in 'Serenade.' All the quivering excitement of James M. Cain's best-seller...The story of a farm hand who won fame as a singer and almos...", 38);
INSERT INTO Tagline (movie_id, tagline_text, tagline_id) VALUES ("tt0049737", "The Thrill of His Voice! Thrill of a Great Story!", 39);
INSERT INTO Tagline (movie_id, tagline_text, tagline_id) VALUES ("tt0041207", "5 Great Stars in a Daring Drama of Love and Adventure !", 40);
INSERT INTO Tagline (movie_id, tagline_text, tagline_id) VALUES ("tt0044825", "HELICOPTER attack on a fleeing auto... the most terrifying duel ever waged!", 41);
INSERT INTO Tagline (movie_id, tagline_text, tagline_id) VALUES ("tt0044825", "THE LOSER... wins the jackpot... of bullets... when these two boys fight it out!", 42);
INSERT INTO Tagline (movie_id, tagline_text, tagline_id) VALUES ("tt0056860", "The perfect summer when the urge meets the surge!", 43);
INSERT INTO Tagline (movie_id, tagline_text, tagline_id) VALUES ("tt0056860", "When 10,000 kids meet on 5,000 Beach Blankets ... something's bound to happen!", 44);
INSERT INTO Tagline (movie_id, tagline_text, tagline_id) VALUES ("tt0056606", "Half Man...Half Demon... He Turned a Nation into a Chamber of Horrors!", 45);
INSERT INTO Tagline (movie_id, tagline_text, tagline_id) VALUES ("tt0056606", "You'll need someone to hang onto when you come face to face with the blood-chilling terrors in the tower!", 46);
INSERT INTO Tagline (movie_id, tagline_text, tagline_id) VALUES ("tt0056552", "A Trilogy of Shock and Horror!", 47);
INSERT INTO Tagline (movie_id, tagline_text, tagline_id) VALUES ("tt0036377", "Winner of 5 Academy Awards!", 48);
INSERT INTO Tagline (movie_id, tagline_text, tagline_id) VALUES ("tt0036377", "Greatness No Human Words Can Describe...But Which Every Human Heart Can Feel...ANd Share!", 49);
INSERT INTO Tagline (movie_id, tagline_text, tagline_id) VALUES ("tt0039973", "It's a double-cross - a triple murder , with kisses for ME !", 50);
INSERT INTO Tagline (movie_id, tagline_text, tagline_id) VALUES ("tt0046891", "Avalanche of action !", 51);
INSERT INTO Tagline (movie_id, tagline_text, tagline_id) VALUES ("tt0049833", "Paramount Pictures is proud to announce the return of the greatest motion picture of all time! (1966 re-release)", 52);
INSERT INTO Tagline (movie_id, tagline_text, tagline_id) VALUES ("tt0049833", "It would take more than a man to lead the slaves from bondage. It would take a God.", 53);
INSERT INTO Tagline (movie_id, tagline_text, tagline_id) VALUES ("tt0058333", "Horror has a face.", 54);
INSERT INTO Tagline (movie_id, tagline_text, tagline_id) VALUES ("tt0058333", "We defy you to stare into this face.", 55);
INSERT INTO Tagline (movie_id, tagline_text, tagline_id) VALUES ("tt0042325", "...the bubbliest, frothiest, tickliest comedy!", 56);
INSERT INTO Tagline (movie_id, tagline_text, tagline_id) VALUES ("tt0053925", "He buried her alive... to save his soul!", 57);
INSERT INTO Tagline (movie_id, tagline_text, tagline_id) VALUES ("tt0053925", "Edgar Allan Poe's classic tale of the Ungodly...the Evil [House of Usher]", 58);
INSERT INTO Tagline (movie_id, tagline_text, tagline_id) VALUES ("tt0059124", "It has a Kiss-Button and a Kill-Button. You have to know which button to push!", 59);
INSERT INTO Tagline (movie_id, tagline_text, tagline_id) VALUES ("tt0059124", "Get in on this fantastic plot to control the World's wealth... put your financial future in the evil grasping hands of 'DR. GOLDFOOT and the BIKINI MACHINE'. It turns out bouncing broads, beautiful...", 60);
INSERT INTO Tagline (movie_id, tagline_text, tagline_id) VALUES ("tt0099487", "His story will touch you, even though he can't.", 61);
INSERT INTO Tagline (movie_id, tagline_text, tagline_id) VALUES ("tt0099487", "Innocence is what he knows. Beauty is what she sees.", 62);
INSERT INTO Tagline (movie_id, tagline_text, tagline_id) VALUES ("tt0036983", "THE PICTURE THAT TOUCHES NEW HEIGHTS OF EMOTION ( print ad - Lubbock Avalanche Journal - Lindsey Theatre - Lubbock, Texas - March 4, 1945 - all caps)", 63);
INSERT INTO Tagline (movie_id, tagline_text, tagline_id) VALUES ("tt0045888", "Now Warners Bros bring you 3 dimension natural vision unlike anything you've seen before!  A feature picture!  A story sensation!", 64);
INSERT INTO Tagline (movie_id, tagline_text, tagline_id) VALUES ("tt0045888", "Nothing that has gone before can compare with this!", 65);
INSERT INTO Tagline (movie_id, tagline_text, tagline_id) VALUES ("tt0051016", "The Story of Men and Their Women From the Beginning of Creation!", 66);
INSERT INTO Tagline (movie_id, tagline_text, tagline_id) VALUES ("tt0051016", "The Biggest star cast ever assembled!", 67);
INSERT INTO Tagline (movie_id, tagline_text, tagline_id) VALUES ("tt0056993", "He upholds the law, except when he murders.", 68);
INSERT INTO Tagline (movie_id, tagline_text, tagline_id) VALUES ("tt0056993", "The Most Diabolical Pages Ever Written Become The Most Terrifying Motion Picture Ever Created!", 69);
INSERT INTO Tagline (movie_id, tagline_text, tagline_id) VALUES ("tt0096875", "When murder is your business, you'd better not fall in love with your work.", 70);
INSERT INTO Tagline (movie_id, tagline_text, tagline_id) VALUES ("tt0032281", "The Great American Motion Picture !", 71);
INSERT INTO Tagline (movie_id, tagline_text, tagline_id) VALUES ("tt0032635", "HERE HE IS! The strangest human in the world!", 72);
INSERT INTO Tagline (movie_id, tagline_text, tagline_id) VALUES ("tt0032635", "They hear him! They feel him! But they can't stop him!", 73);
INSERT INTO Tagline (movie_id, tagline_text, tagline_id) VALUES ("tt0059821", "His first wife is dead- but still a little CATTY!", 74);
INSERT INTO Tagline (movie_id, tagline_text, tagline_id) VALUES ("tt0059821", "CAT or WOMAN or a Thing Too Evil to Mention?", 75);
INSERT INTO Tagline (movie_id, tagline_text, tagline_id) VALUES ("tt0094315", "The Screen's Immortals... A movie you'll never forget.", 76);
INSERT INTO Tagline (movie_id, tagline_text, tagline_id) VALUES ("tt0094315", "You're never too old to see things anew.", 77);
INSERT INTO Tagline (movie_id, tagline_text, tagline_id) VALUES ("tt0055304", "Until now no one has dared to film this ...... the most diabolical classic of all time!", 78);
INSERT INTO Tagline (movie_id, tagline_text, tagline_id) VALUES ("tt0055304", "Betrayal cuts both ways!", 79);
INSERT INTO Tagline (movie_id, tagline_text, tagline_id) VALUES ("tt0036803", "The Love Story of a Soldier", 80);
INSERT INTO Tagline (movie_id, tagline_text, tagline_id) VALUES ("tt0036803", "MEET G. I. JOE AND THE GIRL HE LOVES! (original print ad-all caps)", 81);
INSERT INTO Tagline (movie_id, tagline_text, tagline_id) VALUES ("tt0037465", "DRAMA AND SPECTACLE UNPARALLELED! ENTERTAINMENT UNDREAMED OF! 12,000 PLAYERS! 200 MIGHTY SCENES! TOLD TO THE TUNE OF 87 BELOVED SONGS! (original ad - all caps)", 82);
INSERT INTO Tagline (movie_id, tagline_text, tagline_id) VALUES ("tt0037465", "NEVER SUCH DRAMA, SPECTACLE AND EXCITEMENT! (Print ad- The Union, ((Manchester NH)) 26 October 1944)", 83);
INSERT INTO Tagline (movie_id, tagline_text, tagline_id) VALUES ("tt0061451", "Here are the SHOCKING FACTS discovered within the...", 84);
INSERT INTO Tagline (movie_id, tagline_text, tagline_id) VALUES ("tt0063285", "A crawling shape intrude! A blood-red thing that writhes from out The scenic solitude! It writhes! - it writhes! - with mortal pangs The mimes become its food, And the angels sob at vermin fangs In...", 85);
INSERT INTO Tagline (movie_id, tagline_text, tagline_id) VALUES ("tt0063285", "The depraved must die... BEWARE the Witch Hunter!", 86);
INSERT INTO Tagline (movie_id, tagline_text, tagline_id) VALUES ("tt0061014", "MONA - features a very short fuse... GEORGIE - delayed action, but plenty of it... SALLY - incendiary model, too hot to handle... PEACHES - torpedo type... DODIE - latest anti-personnel type - but ...", 87);
INSERT INTO Tagline (movie_id, tagline_text, tagline_id) VALUES ("tt0061014", "Don't Touch! ...These are Booby Bombs (Booby traps with curves)", 88);
INSERT INTO Tagline (movie_id, tagline_text, tagline_id) VALUES ("tt0040876", "THE COMPLETE ROMANCE...THE FULL NOVEL! (original ad - all caps)", 89);
INSERT INTO Tagline (movie_id, tagline_text, tagline_id) VALUES ("tt0040876", "Mightiest of All Romantic Adventures! ...Storming it's way to the screen with unbelievable excitement!", 90);
INSERT INTO Tagline (movie_id, tagline_text, tagline_id) VALUES ("tt0038492", "DANGEROUSLY She dared to LOVE! (original ad - all caps)", 91);
INSERT INTO Tagline (movie_id, tagline_text, tagline_id) VALUES ("tt0038492", "Secret thoughts... That led to secret love... That led to rapture and terror!", 92);
INSERT INTO Tagline (movie_id, tagline_text, tagline_id) VALUES ("tt0065125", "Elvis crosses the country...into trouble! trouble! trouble!", 93);
INSERT INTO Tagline (movie_id, tagline_text, tagline_id) VALUES ("tt0065125", "ELVIS '69 Elvis crosses the country...into trouble! trouble! trouble!", 94);
INSERT INTO Tagline (movie_id, tagline_text, tagline_id) VALUES ("tt0042229", "FASCINATING TRUE STORY...of the most daring rogue the world has ever known!", 95);
INSERT INTO Tagline (movie_id, tagline_text, tagline_id) VALUES ("tt0042229", "WOMEN fought for his kisses! MEN clamored for his life!", 96);
INSERT INTO Tagline (movie_id, tagline_text, tagline_id) VALUES ("tt0081178", "You'll meet some interesting people and hear some great songs at The Monster Club.", 97);
INSERT INTO Tagline (movie_id, tagline_text, tagline_id) VALUES ("tt0043643", "They were two of a kind ! ...and bound to meet, but neither of them knew what such a meeting would mean!", 98);
INSERT INTO Tagline (movie_id, tagline_text, tagline_id) VALUES ("tt0057608", "A trio of terror!", 99);
INSERT INTO Tagline (movie_id, tagline_text, tagline_id) VALUES ("tt0038937", "He never dreamed what it would all lead to...and she didn't care !", 100);
INSERT INTO Tagline (movie_id, tagline_text, tagline_id) VALUES ("tt0053363", "Fright-Filled SHOCK Thriller!", 101);
INSERT INTO Tagline (movie_id, tagline_text, tagline_id) VALUES ("tt0053363", "Ghastly Beyond Belief!", 102);
INSERT INTO Tagline (movie_id, tagline_text, tagline_id) VALUES ("tt0071677", "The comedy whooper of the year...Only it's a lot funnier", 103);
INSERT INTO Tagline (movie_id, tagline_text, tagline_id) VALUES ("tt0071677", "The comedy that rises to the occasion!", 104);
INSERT INTO Tagline (movie_id, tagline_text, tagline_id) VALUES ("tt0043264", "The flaming loves ... the fighting fury ... of a swashbuckling captain of a crew of rogues !", 105);
INSERT INTO Tagline (movie_id, tagline_text, tagline_id) VALUES ("tt0064747", "Edgar Allan Poe's Classic Tale Of The Living Dead!", 106);
INSERT INTO Tagline (movie_id, tagline_text, tagline_id) VALUES ("tt0064747", "FOR THE FIRST TIME... the classic tale of the restless dead and their unspeakable hungers!", 107);
INSERT INTO Tagline (movie_id, tagline_text, tagline_id) VALUES ("tt0061832", "There was never a breed like these ruthless seven!", 108);
INSERT INTO Tagline (movie_id, tagline_text, tagline_id) VALUES ("tt0031826", "A Man of Iron- A Woman of Fire. (Print ad- Fort Dodge Messenger-Chronicle, ((Fort Dodge, Iowa)) 20 March 1940)", 109);
INSERT INTO Tagline (movie_id, tagline_text, tagline_id) VALUES ("tt0031826", "Elizabeth I's love for the Earl of Essex threatens to destroy her kingdom.", 110);
INSERT INTO Tagline (movie_id, tagline_text, tagline_id) VALUES ("tt0071790", "Lights, Camera, Murder!", 111);
INSERT INTO Tagline (movie_id, tagline_text, tagline_id) VALUES ("tt0071790", "If Stark Terror Were Ecstasy... living here would be sheer bliss!", 112);
INSERT INTO Tagline (movie_id, tagline_text, tagline_id) VALUES ("tt0057128", "What was the terrifying thing in the PIT that wanted women?", 113);
INSERT INTO Tagline (movie_id, tagline_text, tagline_id) VALUES ("tt0057128", "A warlock's home is his castle...Forever!", 114);
INSERT INTO Tagline (movie_id, tagline_text, tagline_id) VALUES ("tt0047200", "Astounding! Astonishing! Amaazing! So different you'll hardly believe your eyes!", 115);
INSERT INTO Tagline (movie_id, tagline_text, tagline_id) VALUES ("tt0047200", "SPINE CHILLING-THRILLS! (original print ad - all caps)", 116);
INSERT INTO Tagline (movie_id, tagline_text, tagline_id) VALUES ("tt0055868", "They'll Blow Every Fuse in the Big House!", 117);
INSERT INTO Tagline (movie_id, tagline_text, tagline_id) VALUES ("tt0055868", "They Blow the Big House Apart!", 118);
INSERT INTO Tagline (movie_id, tagline_text, tagline_id) VALUES ("tt0052602", "When Someone SCREAMS ... It Will Be YOU!", 119);
INSERT INTO Tagline (movie_id, tagline_text, tagline_id) VALUES ("tt0052602", "When it flies, someone dies!", 120);
INSERT INTO Tagline (movie_id, tagline_text, tagline_id) VALUES ("tt0051622", "If she looked upon the horror her husband had become... she would scream for the rest of her life!", 121);
INSERT INTO Tagline (movie_id, tagline_text, tagline_id) VALUES ("tt0051622", "100$ if you prove it can't happen!", 122);
INSERT INTO Tagline (movie_id, tagline_text, tagline_id) VALUES ("tt0037008", "LOVED BY ALL MEN! LOVING NONE! (print ad - Lubbock Evening Journal - Broadway Theatre - Lubbock, Texas - April 17, 1945 - all caps)", 123);
INSERT INTO Tagline (movie_id, tagline_text, tagline_id) VALUES ("tt0037008", "The story of a love that became the most fearful thing that ever happened to a woman!", 124);
INSERT INTO Tagline (movie_id, tagline_text, tagline_id) VALUES ("tt0094961", "These cops are on the biggest murder case of their lives... their own.", 125);
INSERT INTO Tagline (movie_id, tagline_text, tagline_id) VALUES ("tt0094961", "You can't keep a good cop dead.", 126);
INSERT INTO Tagline (movie_id, tagline_text, tagline_id) VALUES ("tt0032610", "AN ANCIENT HOUSE! A MURDER SECRET! A HIDDEN TREASURE! (original print ad - all caps)", 127);
INSERT INTO Tagline (movie_id, tagline_text, tagline_id) VALUES ("tt0051744", "The 13 greatest shocks of all time!", 128);
INSERT INTO Tagline (movie_id, tagline_text, tagline_id) VALUES ("tt0051744", "The 13 Greatest SHOCKS ever seen!", 129);
INSERT INTO Tagline (movie_id, tagline_text, tagline_id) VALUES ("tt0054937", "Furious Action! Passionate Love!", 130);
INSERT INTO Tagline (movie_id, tagline_text, tagline_id) VALUES ("tt0064695", "Killers in pairs... death by the dozen... They left the west... More Dead than Alive.", 131);
INSERT INTO Tagline (movie_id, tagline_text, tagline_id) VALUES ("tt0064695", "Gunslinger Rebellion - WINNER KILL ALL!", 132);
INSERT INTO Tagline (movie_id, tagline_text, tagline_id) VALUES ("tt0049949", "TEN TOP STARS! TEN PEAK PERFORMANCES!", 133);
INSERT INTO Tagline (movie_id, tagline_text, tagline_id) VALUES ("tt0049949", "Suspense as startling as a strangled scream !", 134);
INSERT INTO Tagline (movie_id, tagline_text, tagline_id) VALUES ("tt0064949", "He's going to make somebody out of every BODY he meets!", 135);
INSERT INTO Tagline (movie_id, tagline_text, tagline_id) VALUES ("tt0064949", "TRIPLE DISTILLED HORROR... as powerful as a vat of boiling ACID!", 136);
INSERT INTO Tagline (movie_id, tagline_text, tagline_id) VALUES ("tt0086981", "The movie that took a lot of guts to make!", 137);
INSERT INTO Tagline (movie_id, tagline_text, tagline_id) VALUES ("tt0053219", "Blood-curdling giant fly creature runs amuck!!!", 138);
INSERT INTO Tagline (movie_id, tagline_text, tagline_id) VALUES ("tt0053219", "Out of the World of Atomic Mutation It Rises - With the Dread Curse of the Father Upon It!", 139);
INSERT INTO Tagline (movie_id, tagline_text, tagline_id) VALUES ("tt0059895", "A fantastic journey to a lost empire one thousand fathoms beneath the sea!", 140);
INSERT INTO Tagline (movie_id, tagline_text, tagline_id) VALUES ("tt0059895", "They Became Pawns In A WAR Beneath The WAVES!", 141);
INSERT INTO Tagline (movie_id, tagline_text, tagline_id) VALUES ("tt0041479", "All's riot on the Western Frontier !", 142);